[2026-08-24 11:09:13] production.INFO: [backup] Starting cleanup...  
[2026-08-24 11:09:13] production.INFO: [backup] Cleaning backups of Armaster on disk local...  
[2026-08-24 11:09:13] production.DEBUG: From: Armaster <hello@example.com>
To: your@example.com
Subject: Sukses membersihkan backup Armaster (production)
MIME-Version: 1.0
Date: Mon, 24 Aug 2026 11:09:13 +0000
Message-ID: <20ea35c583127c476749ada4d1213942@example.com>
Content-Type: multipart/alternative; boundary=TeoHW-Z_

--TeoHW-Z_
Content-Type: text/plain; charset=utf-8
Content-Transfer-Encoding: quoted-printable

Armaster: https://armaster.net

# Hello!

Pembersihan backup Armaster (production) pada disk bernama local telah sukses.

Nama aplikasi: Armaster (production)

Nama cadangan: Armaster

Disk: local

Ukuran cadangan terbaru: Belum ada backup yang dibuat

Total penyimpanan yang digunakan: 0 KB

Ukuran cadangan tertua: Belum ada backup yang dibuat

Regards,
Armaster

© 2026 Armaster. All rights reserved.

--TeoHW-Z_
Content-Type: text/html; charset=utf-8
Content-Transfer-Encoding: quoted-printable

<!DOCTYPE html PUBLIC "-//W3C//DTD XHTML 1.0 Transitional//EN" "http://www.w3.org/TR/xhtml1/DTD/xhtml1-transitional.dtd">
<html xmlns="http://www.w3.org/1999/xhtml" lang="id">
<head>
<title>Armaster</title>
<meta name="viewport" content="width=device-width, initial-scale=1.0">
<meta http-equiv="Content-Type" content="text/html; charset=UTF-8">
<meta name="color-scheme" content="light">
<meta name="supported-color-schemes" content="light">
<style>
@media only screen and (max-width: 600px) {
.inner-body {
width: 100% !important;
}

.footer {
width: 100% !important;
}
}

@media only screen and (max-width: 500px) {
.button {
width: 100% !important;
}
}
</style>

</head>
<body style="box-sizing: border-box; font-family: -apple-system, BlinkMacSystemFont, 'Segoe UI', Roboto, Helvetica, Arial, sans-serif, 'Apple Color Emoji', 'Segoe UI Emoji', 'Segoe UI Symbol'; position: relative; -webkit-text-size-adjust: none; background-color: #ffffff; color: #52525b; height: 100%; line-height: 1.4; margin: 0; padding: 0; width: 100% !important;">

<table class="wrapper" width="100%" cellpadding="0" cellspacing="0" role="presentation" style="box-sizing: border-box; font-family: -apple-system, BlinkMacSystemFont, 'Segoe UI', Roboto, Helvetica, Arial, sans-serif, 'Apple Color Emoji', 'Segoe UI Emoji', 'Segoe UI Symbol'; position: relative; -premailer-cellpadding: 0; -premailer-cellspacing: 0; -premailer-width: 100%; background-color: #fafafa; margin: 0; padding: 0; width: 100%;">
<tr>
<td align="center" style="box-sizing: border-box; font-family: -apple-system, BlinkMacSystemFont, 'Segoe UI', Roboto, Helvetica, Arial, sans-serif, 'Apple Color Emoji', 'Segoe UI Emoji', 'Segoe UI Symbol'; position: relative;">
<table class="content" width="100%" cellpadding="0" cellspacing="0" role="presentation" style="box-sizing: border-box; font-family: -apple-system, BlinkMacSystemFont, 'Segoe UI', Roboto, Helvetica, Arial, sans-serif, 'Apple Color Emoji', 'Segoe UI Emoji', 'Segoe UI Symbol'; position: relative; -premailer-cellpadding: 0; -premailer-cellspacing: 0; -premailer-width: 100%; margin: 0; padding: 0; width: 100%;">
<tr>
<td class="header" style="box-sizing: border-box; font-family: -apple-system, BlinkMacSystemFont, 'Segoe UI', Roboto, Helvetica, Arial, sans-serif, 'Apple Color Emoji', 'Segoe UI Emoji', 'Segoe UI Symbol'; position: relative; padding: 25px 0; text-align: center;">
<a href="https://armaster.net" style="box-sizing: border-box; font-family: -apple-system, BlinkMacSystemFont, 'Segoe UI', Roboto, Helvetica, Arial, sans-serif, 'Apple Color Emoji', 'Segoe UI Emoji', 'Segoe UI Symbol'; position: relative; color: #18181b; font-size: 19px; font-weight: bold; text-decoration: none; display: inline-block;">
Armaster
</a>
</td>
</tr>

<!-- Email Body -->
<tr>
<td class="body" width="100%" cellpadding="0" cellspacing="0" style="box-sizing: border-box; font-family: -apple-system, BlinkMacSystemFont, 'Segoe UI', Roboto, Helvetica, Arial, sans-serif, 'Apple Color Emoji', 'Segoe UI Emoji', 'Segoe UI Symbol'; position: relative; -premailer-cellpadding: 0; -premailer-cellspacing: 0; -premailer-width: 100%; background-color: #fafafa; border-bottom: 1px solid #fafafa; border-top: 1px solid #fafafa; margin: 0; padding: 0; width: 100%; border: hidden !important;">
<table class="inner-body" align="center" width="570" cellpadding="0" cellspacing="0" role="presentation" style="box-sizing: border-box; font-family: -apple-system, BlinkMacSystemFont, 'Segoe UI', Roboto, Helvetica, Arial, sans-serif, 'Apple Color Emoji', 'Segoe UI Emoji', 'Segoe UI Symbol'; position: relative; -premailer-cellpadding: 0; -premailer-cellspacing: 0; -premailer-width: 570px; background-color: #ffffff; border-color: #e4e4e7; border-radius: 4px; border-width: 1px; box-shadow: 0 1px 3px 0 rgba(0, 0, 0, 0.1), 0 1px 2px -1px rgba(0, 0, 0, 0.1); margin: 0 auto; padding: 0; width: 570px;">
<!-- Body content -->
<tr>
<td class="content-cell" style="box-sizing: border-box; font-family: -apple-system, BlinkMacSystemFont, 'Segoe UI', Roboto, Helvetica, Arial, sans-serif, 'Apple Color Emoji', 'Segoe UI Emoji', 'Segoe UI Symbol'; position: relative; max-width: 100vw; padding: 32px;">
<h1 style="box-sizing: border-box; font-family: -apple-system, BlinkMacSystemFont, 'Segoe UI', Roboto, Helvetica, Arial, sans-serif, 'Apple Color Emoji', 'Segoe UI Emoji', 'Segoe UI Symbol'; position: relative; color: #18181b; font-size: 18px; font-weight: bold; margin-top: 0; text-align: left;">Hello!</h1>
<p style="box-sizing: border-box; font-family: -apple-system, BlinkMacSystemFont, 'Segoe UI', Roboto, Helvetica, Arial, sans-serif, 'Apple Color Emoji', 'Segoe UI Emoji', 'Segoe UI Symbol'; position: relative; font-size: 16px; line-height: 1.5em; margin-top: 0; text-align: left;">Pembersihan backup Armaster (production) pada disk bernama local telah sukses.</p>
<p style="box-sizing: border-box; font-family: -apple-system, BlinkMacSystemFont, 'Segoe UI', Roboto, Helvetica, Arial, sans-serif, 'Apple Color Emoji', 'Segoe UI Emoji', 'Segoe UI Symbol'; position: relative; font-size: 16px; line-height: 1.5em; margin-top: 0; text-align: left;">Nama aplikasi: Armaster (production)</p>
<p style="box-sizing: border-box; font-family: -apple-system, BlinkMacSystemFont, 'Segoe UI', Roboto, Helvetica, Arial, sans-serif, 'Apple Color Emoji', 'Segoe UI Emoji', 'Segoe UI Symbol'; position: relative; font-size: 16px; line-height: 1.5em; margin-top: 0; text-align: left;">Nama cadangan: Armaster</p>
<p style="box-sizing: border-box; font-family: -apple-system, BlinkMacSystemFont, 'Segoe UI', Roboto, Helvetica, Arial, sans-serif, 'Apple Color Emoji', 'Segoe UI Emoji', 'Segoe UI Symbol'; position: relative; font-size: 16px; line-height: 1.5em; margin-top: 0; text-align: left;">Disk: local</p>
<p style="box-sizing: border-box; font-family: -apple-system, BlinkMacSystemFont, 'Segoe UI', Roboto, Helvetica, Arial, sans-serif, 'Apple Color Emoji', 'Segoe UI Emoji', 'Segoe UI Symbol'; position: relative; font-size: 16px; line-height: 1.5em; margin-top: 0; text-align: left;">Ukuran cadangan terbaru: Belum ada backup yang dibuat</p>
<p style="box-sizing: border-box; font-family: -apple-system, BlinkMacSystemFont, 'Segoe UI', Roboto, Helvetica, Arial, sans-serif, 'Apple Color Emoji', 'Segoe UI Emoji', 'Segoe UI Symbol'; position: relative; font-size: 16px; line-height: 1.5em; margin-top: 0; text-align: left;">Total penyimpanan yang digunakan: 0 KB</p>
<p style="box-sizing: border-box; font-family: -apple-system, BlinkMacSystemFont, 'Segoe UI', Roboto, Helvetica, Arial, sans-serif, 'Apple Color Emoji', 'Segoe UI Emoji', 'Segoe UI Symbol'; position: relative; font-size: 16px; line-height: 1.5em; margin-top: 0; text-align: left;">Ukuran cadangan tertua: Belum ada backup yang dibuat</p>
<p style="box-sizing: border-box; font-family: -apple-system, BlinkMacSystemFont, 'Segoe UI', Roboto, Helvetica, Arial, sans-serif, 'Apple Color Emoji', 'Segoe UI Emoji', 'Segoe UI Symbol'; position: relative; font-size: 16px; line-height: 1.5em; margin-top: 0; text-align: left;">Regards,<br>
Armaster</p>



</td>
</tr>
</table>
</td>
</tr>

<tr>
<td style="box-sizing: border-box; font-family: -apple-system, BlinkMacSystemFont, 'Segoe UI', Roboto, Helvetica, Arial, sans-serif, 'Apple Color Emoji', 'Segoe UI Emoji', 'Segoe UI Symbol'; position: relative;">
<table class="footer" align="center" width="570" cellpadding="0" cellspacing="0" role="presentation" style="box-sizing: border-box; font-family: -apple-system, BlinkMacSystemFont, 'Segoe UI', Roboto, Helvetica, Arial, sans-serif, 'Apple Color Emoji', 'Segoe UI Emoji', 'Segoe UI Symbol'; position: relative; -premailer-cellpadding: 0; -premailer-cellspacing: 0; -premailer-width: 570px; margin: 0 auto; padding: 0; text-align: center; width: 570px;">
<tr>
<td class="content-cell" align="center" style="box-sizing: border-box; font-family: -apple-system, BlinkMacSystemFont, 'Segoe UI', Roboto, Helvetica, Arial, sans-serif, 'Apple Color Emoji', 'Segoe UI Emoji', 'Segoe UI Symbol'; position: relative; max-width: 100vw; padding: 32px;">
<p style="box-sizing: border-box; font-family: -apple-system, BlinkMacSystemFont, 'Segoe UI', Roboto, Helvetica, Arial, sans-serif, 'Apple Color Emoji', 'Segoe UI Emoji', 'Segoe UI Symbol'; position: relative; line-height: 1.5em; margin-top: 0; color: #a1a1aa; font-size: 12px; text-align: center;">© 2026 Armaster. All rights reserved.</p>

</td>
</tr>
</table>
</td>
</tr>
</table>
</td>
</tr>
</table>
</body>
</html>
--TeoHW-Z_--
  
[2026-08-24 11:09:13] production.INFO: [backup] Used storage after cleanup: 0 KB.  
[2026-08-24 11:09:13] production.INFO: [backup] Cleanup completed!  
[2026-08-24 11:09:18] production.INFO: [backup] Starting backup...  
[2026-08-24 11:09:18] production.INFO: [backup] Dumping database fazmat...  
[2026-08-24 11:09:19] production.INFO: [backup] Determining files to backup...  
[2026-08-24 11:09:20] production.ERROR: [backup] Backup failed because: RecursiveDirectoryIterator::__construct(/var/www/html/armaster/storage_old/app/private/livewire-tmp): Failed to open directory: Permission denied.
#0 /var/www/html/armaster/vendor/spatie/laravel-backup/src/Tasks/Backup/FileSelection.php(88): Symfony\Component\Finder\Iterator\RecursiveDirectoryIterator->getChildren()
#1 /var/www/html/armaster/vendor/spatie/laravel-backup/src/Tasks/Backup/Manifest.php(35): Spatie\Backup\Tasks\Backup\FileSelection->selectedFiles()
#2 /var/www/html/armaster/vendor/spatie/laravel-backup/src/Tasks/Backup/BackupJob.php(222): Spatie\Backup\Tasks\Backup\Manifest->addFiles()
#3 /var/www/html/armaster/vendor/spatie/laravel-backup/src/Tasks/Backup/BackupJob.php(190): Spatie\Backup\Tasks\Backup\BackupJob->createBackupManifest()
#4 /var/www/html/armaster/vendor/spatie/laravel-backup/src/Commands/BackupCommand.php(99): Spatie\Backup\Tasks\Backup\BackupJob->run()
#5 /var/www/html/armaster/vendor/laravel/framework/src/Illuminate/Container/BoundMethod.php(36): Spatie\Backup\Commands\BackupCommand->handle()
#6 /var/www/html/armaster/vendor/laravel/framework/src/Illuminate/Container/Util.php(43): Illuminate\Container\BoundMethod::Illuminate\Container\{closure}()
#7 /var/www/html/armaster/vendor/laravel/framework/src/Illuminate/Container/BoundMethod.php(96): Illuminate\Container\Util::unwrapIfClosure()
#8 /var/www/html/armaster/vendor/laravel/framework/src/Illuminate/Container/BoundMethod.php(35): Illuminate\Container\BoundMethod::callBoundMethod()
#9 /var/www/html/armaster/vendor/laravel/framework/src/Illuminate/Container/Container.php(799): Illuminate\Container\BoundMethod::call()
#10 /var/www/html/armaster/vendor/laravel/framework/src/Illuminate/Console/Command.php(211): Illuminate\Container\Container->call()
#11 /var/www/html/armaster/vendor/symfony/console/Command/Command.php(341): Illuminate\Console\Command->execute()
#12 /var/www/html/armaster/vendor/laravel/framework/src/Illuminate/Console/Command.php(180): Symfony\Component\Console\Command\Command->run()
#13 /var/www/html/armaster/vendor/spatie/laravel-backup/src/Commands/BaseCommand.php(35): Illuminate\Console\Command->run()
#14 /var/www/html/armaster/vendor/symfony/console/Application.php(1102): Spatie\Backup\Commands\BaseCommand->run()
#15 /var/www/html/armaster/vendor/symfony/console/Application.php(356): Symfony\Component\Console\Application->doRunCommand()
#16 /var/www/html/armaster/vendor/symfony/console/Application.php(195): Symfony\Component\Console\Application->doRun()
#17 /var/www/html/armaster/vendor/laravel/framework/src/Illuminate/Foundation/Console/Kernel.php(198): Symfony\Component\Console\Application->run()
#18 /var/www/html/armaster/vendor/laravel/framework/src/Illuminate/Foundation/Application.php(1235): Illuminate\Foundation\Console\Kernel->handle()
#19 /var/www/html/armaster/artisan(16): Illuminate\Foundation\Application->handleCommand()
#20 {main}  
[2026-08-24 11:09:20] production.ERROR: [backup] Backup failed because: RecursiveDirectoryIterator::__construct(/var/www/html/armaster/storage_old/app/private/livewire-tmp): Failed to open directory: Permission denied.  
[2026-08-24 11:09:20] production.ERROR: RecursiveDirectoryIterator::__construct(/var/www/html/armaster/storage_old/app/private/livewire-tmp): Failed to open directory: Permission denied {"exception":"[object] (Spatie\\Backup\\Exceptions\\BackupFailed(code: 0): RecursiveDirectoryIterator::__construct(/var/www/html/armaster/storage_old/app/private/livewire-tmp): Failed to open directory: Permission denied at /var/www/html/armaster/vendor/spatie/laravel-backup/src/Exceptions/BackupFailed.php:17)
[stacktrace]
#0 /var/www/html/armaster/vendor/spatie/laravel-backup/src/Tasks/Backup/BackupJob.php(204): Spatie\\Backup\\Exceptions\\BackupFailed::from()
#1 /var/www/html/armaster/vendor/spatie/laravel-backup/src/Commands/BackupCommand.php(99): Spatie\\Backup\\Tasks\\Backup\\BackupJob->run()
#2 /var/www/html/armaster/vendor/laravel/framework/src/Illuminate/Container/BoundMethod.php(36): Spatie\\Backup\\Commands\\BackupCommand->handle()
#3 /var/www/html/armaster/vendor/laravel/framework/src/Illuminate/Container/Util.php(43): Illuminate\\Container\\BoundMethod::Illuminate\\Container\\{closure}()
#4 /var/www/html/armaster/vendor/laravel/framework/src/Illuminate/Container/BoundMethod.php(96): Illuminate\\Container\\Util::unwrapIfClosure()
#5 /var/www/html/armaster/vendor/laravel/framework/src/Illuminate/Container/BoundMethod.php(35): Illuminate\\Container\\BoundMethod::callBoundMethod()
#6 /var/www/html/armaster/vendor/laravel/framework/src/Illuminate/Container/Container.php(799): Illuminate\\Container\\BoundMethod::call()
#7 /var/www/html/armaster/vendor/laravel/framework/src/Illuminate/Console/Command.php(211): Illuminate\\Container\\Container->call()
#8 /var/www/html/armaster/vendor/symfony/console/Command/Command.php(341): Illuminate\\Console\\Command->execute()
#9 /var/www/html/armaster/vendor/laravel/framework/src/Illuminate/Console/Command.php(180): Symfony\\Component\\Console\\Command\\Command->run()
#10 /var/www/html/armaster/vendor/spatie/laravel-backup/src/Commands/BaseCommand.php(35): Illuminate\\Console\\Command->run()
#11 /var/www/html/armaster/vendor/symfony/console/Application.php(1102): Spatie\\Backup\\Commands\\BaseCommand->run()
#12 /var/www/html/armaster/vendor/symfony/console/Application.php(356): Symfony\\Component\\Console\\Application->doRunCommand()
#13 /var/www/html/armaster/vendor/symfony/console/Application.php(195): Symfony\\Component\\Console\\Application->doRun()
#14 /var/www/html/armaster/vendor/laravel/framework/src/Illuminate/Foundation/Console/Kernel.php(198): Symfony\\Component\\Console\\Application->run()
#15 /var/www/html/armaster/vendor/laravel/framework/src/Illuminate/Foundation/Application.php(1235): Illuminate\\Foundation\\Console\\Kernel->handle()
#16 /var/www/html/armaster/artisan(16): Illuminate\\Foundation\\Application->handleCommand()
#17 {main}

[previous exception] [object] (Symfony\\Component\\Finder\\Exception\\AccessDeniedException(code: 0): RecursiveDirectoryIterator::__construct(/var/www/html/armaster/storage_old/app/private/livewire-tmp): Failed to open directory: Permission denied at /var/www/html/armaster/vendor/symfony/finder/Iterator/RecursiveDirectoryIterator.php:111)
[stacktrace]
#0 /var/www/html/armaster/vendor/spatie/laravel-backup/src/Tasks/Backup/FileSelection.php(88): Symfony\\Component\\Finder\\Iterator\\RecursiveDirectoryIterator->getChildren()
#1 /var/www/html/armaster/vendor/spatie/laravel-backup/src/Tasks/Backup/Manifest.php(35): Spatie\\Backup\\Tasks\\Backup\\FileSelection->selectedFiles()
#2 /var/www/html/armaster/vendor/spatie/laravel-backup/src/Tasks/Backup/BackupJob.php(222): Spatie\\Backup\\Tasks\\Backup\\Manifest->addFiles()
#3 /var/www/html/armaster/vendor/spatie/laravel-backup/src/Tasks/Backup/BackupJob.php(190): Spatie\\Backup\\Tasks\\Backup\\BackupJob->createBackupManifest()
#4 /var/www/html/armaster/vendor/spatie/laravel-backup/src/Commands/BackupCommand.php(99): Spatie\\Backup\\Tasks\\Backup\\BackupJob->run()
#5 /var/www/html/armaster/vendor/laravel/framework/src/Illuminate/Container/BoundMethod.php(36): Spatie\\Backup\\Commands\\BackupCommand->handle()
#6 /var/www/html/armaster/vendor/laravel/framework/src/Illuminate/Container/Util.php(43): Illuminate\\Container\\BoundMethod::Illuminate\\Container\\{closure}()
#7 /var/www/html/armaster/vendor/laravel/framework/src/Illuminate/Container/BoundMethod.php(96): Illuminate\\Container\\Util::unwrapIfClosure()
#8 /var/www/html/armaster/vendor/laravel/framework/src/Illuminate/Container/BoundMethod.php(35): Illuminate\\Container\\BoundMethod::callBoundMethod()
#9 /var/www/html/armaster/vendor/laravel/framework/src/Illuminate/Container/Container.php(799): Illuminate\\Container\\BoundMethod::call()
#10 /var/www/html/armaster/vendor/laravel/framework/src/Illuminate/Console/Command.php(211): Illuminate\\Container\\Container->call()
#11 /var/www/html/armaster/vendor/symfony/console/Command/Command.php(341): Illuminate\\Console\\Command->execute()
#12 /var/www/html/armaster/vendor/laravel/framework/src/Illuminate/Console/Command.php(180): Symfony\\Component\\Console\\Command\\Command->run()
#13 /var/www/html/armaster/vendor/spatie/laravel-backup/src/Commands/BaseCommand.php(35): Illuminate\\Console\\Command->run()
#14 /var/www/html/armaster/vendor/symfony/console/Application.php(1102): Spatie\\Backup\\Commands\\BaseCommand->run()
#15 /var/www/html/armaster/vendor/symfony/console/Application.php(356): Symfony\\Component\\Console\\Application->doRunCommand()
#16 /var/www/html/armaster/vendor/symfony/console/Application.php(195): Symfony\\Component\\Console\\Application->doRun()
#17 /var/www/html/armaster/vendor/laravel/framework/src/Illuminate/Foundation/Console/Kernel.php(198): Symfony\\Component\\Console\\Application->run()
#18 /var/www/html/armaster/vendor/laravel/framework/src/Illuminate/Foundation/Application.php(1235): Illuminate\\Foundation\\Console\\Kernel->handle()
#19 /var/www/html/armaster/artisan(16): Illuminate\\Foundation\\Application->handleCommand()
#20 {main}

[previous exception] [object] (UnexpectedValueException(code: 0): RecursiveDirectoryIterator::__construct(/var/www/html/armaster/storage_old/app/private/livewire-tmp): Failed to open directory: Permission denied at /var/www/html/armaster/vendor/symfony/finder/Iterator/RecursiveDirectoryIterator.php:43)
[stacktrace]
#0 /var/www/html/armaster/vendor/symfony/finder/Iterator/RecursiveDirectoryIterator.php(43): RecursiveDirectoryIterator->__construct()
#1 [internal function]: Symfony\\Component\\Finder\\Iterator\\RecursiveDirectoryIterator->__construct()
#2 /var/www/html/armaster/vendor/symfony/finder/Iterator/RecursiveDirectoryIterator.php(99): RecursiveDirectoryIterator->getChildren()
#3 /var/www/html/armaster/vendor/spatie/laravel-backup/src/Tasks/Backup/FileSelection.php(88): Symfony\\Component\\Finder\\Iterator\\RecursiveDirectoryIterator->getChildren()
#4 /var/www/html/armaster/vendor/spatie/laravel-backup/src/Tasks/Backup/Manifest.php(35): Spatie\\Backup\\Tasks\\Backup\\FileSelection->selectedFiles()
#5 /var/www/html/armaster/vendor/spatie/laravel-backup/src/Tasks/Backup/BackupJob.php(222): Spatie\\Backup\\Tasks\\Backup\\Manifest->addFiles()
#6 /var/www/html/armaster/vendor/spatie/laravel-backup/src/Tasks/Backup/BackupJob.php(190): Spatie\\Backup\\Tasks\\Backup\\BackupJob->createBackupManifest()
#7 /var/www/html/armaster/vendor/spatie/laravel-backup/src/Commands/BackupCommand.php(99): Spatie\\Backup\\Tasks\\Backup\\BackupJob->run()
#8 /var/www/html/armaster/vendor/laravel/framework/src/Illuminate/Container/BoundMethod.php(36): Spatie\\Backup\\Commands\\BackupCommand->handle()
#9 /var/www/html/armaster/vendor/laravel/framework/src/Illuminate/Container/Util.php(43): Illuminate\\Container\\BoundMethod::Illuminate\\Container\\{closure}()
#10 /var/www/html/armaster/vendor/laravel/framework/src/Illuminate/Container/BoundMethod.php(96): Illuminate\\Container\\Util::unwrapIfClosure()
#11 /var/www/html/armaster/vendor/laravel/framework/src/Illuminate/Container/BoundMethod.php(35): Illuminate\\Container\\BoundMethod::callBoundMethod()
#12 /var/www/html/armaster/vendor/laravel/framework/src/Illuminate/Container/Container.php(799): Illuminate\\Container\\BoundMethod::call()
#13 /var/www/html/armaster/vendor/laravel/framework/src/Illuminate/Console/Command.php(211): Illuminate\\Container\\Container->call()
#14 /var/www/html/armaster/vendor/symfony/console/Command/Command.php(341): Illuminate\\Console\\Command->execute()
#15 /var/www/html/armaster/vendor/laravel/framework/src/Illuminate/Console/Command.php(180): Symfony\\Component\\Console\\Command\\Command->run()
#16 /var/www/html/armaster/vendor/spatie/laravel-backup/src/Commands/BaseCommand.php(35): Illuminate\\Console\\Command->run()
#17 /var/www/html/armaster/vendor/symfony/console/Application.php(1102): Spatie\\Backup\\Commands\\BaseCommand->run()
#18 /var/www/html/armaster/vendor/symfony/console/Application.php(356): Symfony\\Component\\Console\\Application->doRunCommand()
#19 /var/www/html/armaster/vendor/symfony/console/Application.php(195): Symfony\\Component\\Console\\Application->doRun()
#20 /var/www/html/armaster/vendor/laravel/framework/src/Illuminate/Foundation/Console/Kernel.php(198): Symfony\\Component\\Console\\Application->run()
#21 /var/www/html/armaster/vendor/laravel/framework/src/Illuminate/Foundation/Application.php(1235): Illuminate\\Foundation\\Console\\Kernel->handle()
#22 /var/www/html/armaster/artisan(16): Illuminate\\Foundation\\Application->handleCommand()
#23 {main}
"} 
[2026-08-24 11:09:20] production.DEBUG: From: Armaster <hello@example.com>
To: your@example.com
Subject: Gagal backup Armaster (production)
MIME-Version: 1.0
Date: Mon, 24 Aug 2026 11:09:20 +0000
Message-ID: <a8b298d054d3350c75f9f1b19cda86e3@example.com>
Content-Type: multipart/alternative; boundary=0hulF6eB

--0hulF6eB
Content-Type: text/plain; charset=utf-8
Content-Transfer-Encoding: quoted-printable

Armaster: https://armaster.net

# Whoops!

Penting: Sebuah error terjadi ketika membackup Armaster (production)

Pesan pengecualian: RecursiveDirectoryIterator::__construct(/var/www/html/armaster/storage_old/app/private/livewire-tmp): Failed to open directory: Permission denied

Jejak pengecualian: #0 /var/www/html/armaster/vendor/spatie/laravel-backup/src/Tasks/Backup/FileSelection.php(88): Symfony\Component\Finder\Iterator\RecursiveDirectoryIterator->getChildren() #1 /var/www/html/armaster/vendor/spatie/laravel-backup/src/Tasks/Backup/Manifest.php(35): Spatie\Backup\Tasks\Backup\FileSelection->selectedFiles() #2 /var/www/html/armaster/vendor/spatie/laravel-backup/src/Tasks/Backup/BackupJob.php(222): Spatie\Backup\Tasks\Backup\Manifest->addFiles() #3 /var/www/html/armaster/vendor/spatie/laravel-backup/src/Tasks/Backup/BackupJob.php(190): Spatie\Backup\Tasks\Backup\BackupJob->createBackupManifest() #4 /var/www/html/armaster/vendor/spatie/laravel-backup/src/Commands/BackupCommand.php(99): Spatie\Backup\Tasks\Backup\BackupJob->run() #5 /var/www/html/armaster/vendor/laravel/framework/src/Illuminate/Container/BoundMethod.php(36): Spatie\Backup\Commands\BackupCommand->handle() #6 /var/www/html/armaster/vendor/laravel/framework/src/Illuminate/Container/Util.php(43): Illuminate\Container\BoundMethod::Illuminate\Container\{closure}() #7 /var/www/html/armaster/vendor/laravel/framework/src/Illuminate/Container/BoundMethod.php(96): Illuminate\Container\Util::unwrapIfClosure() #8 /var/www/html/armaster/vendor/laravel/framework/src/Illuminate/Container/BoundMethod.php(35): Illuminate\Container\BoundMethod::callBoundMethod() #9 /var/www/html/armaster/vendor/laravel/framework/src/Illuminate/Container/Container.php(799): Illuminate\Container\BoundMethod::call() #10 /var/www/html/armaster/vendor/laravel/framework/src/Illuminate/Console/Command.php(211): Illuminate\Container\Container->call() #11 /var/www/html/armaster/vendor/symfony/console/Command/Command.php(341): Illuminate\Console\Command->execute() #12 /var/www/html/armaster/vendor/laravel/framework/src/Illuminate/Console/Command.php(180): Symfony\Component\Console\Command\Command->run() #13 /var/www/html/armaster/vendor/spatie/laravel-backup/src/Commands/BaseCommand.php(35): Illuminate\Console\Command->run() #14 /var/www/html/armaster/vendor/symfony/console/Application.php(1102): Spatie\Backup\Commands\BaseCommand->run() #15 /var/www/html/armaster/vendor/symfony/console/Application.php(356): Symfony\Component\Console\Application->doRunCommand() #16 /var/www/html/armaster/vendor/symfony/console/Application.php(195): Symfony\Component\Console\Application->doRun() #17 /var/www/html/armaster/vendor/laravel/framework/src/Illuminate/Foundation/Console/Kernel.php(198): Symfony\Component\Console\Application->run() #18 /var/www/html/armaster/vendor/laravel/framework/src/Illuminate/Foundation/Application.php(1235): Illuminate\Foundation\Console\Kernel->handle() #19 /var/www/html/armaster/artisan(16): Illuminate\Foundation\Application->handleCommand() #20 {main}

Regards,
Armaster

© 2026 Armaster. All rights reserved.

--0hulF6eB
Content-Type: text/html; charset=utf-8
Content-Transfer-Encoding: quoted-printable

<!DOCTYPE html PUBLIC "-//W3C//DTD XHTML 1.0 Transitional//EN" "http://www.w3.org/TR/xhtml1/DTD/xhtml1-transitional.dtd">
<html xmlns="http://www.w3.org/1999/xhtml" lang="id">
<head>
<title>Armaster</title>
<meta name="viewport" content="width=device-width, initial-scale=1.0">
<meta http-equiv="Content-Type" content="text/html; charset=UTF-8">
<meta name="color-scheme" content="light">
<meta name="supported-color-schemes" content="light">
<style>
@media only screen and (max-width: 600px) {
.inner-body {
width: 100% !important;
}

.footer {
width: 100% !important;
}
}

@media only screen and (max-width: 500px) {
.button {
width: 100% !important;
}
}
</style>

</head>
<body style="box-sizing: border-box; font-family: -apple-system, BlinkMacSystemFont, 'Segoe UI', Roboto, Helvetica, Arial, sans-serif, 'Apple Color Emoji', 'Segoe UI Emoji', 'Segoe UI Symbol'; position: relative; -webkit-text-size-adjust: none; background-color: #ffffff; color: #52525b; height: 100%; line-height: 1.4; margin: 0; padding: 0; width: 100% !important;">

<table class="wrapper" width="100%" cellpadding="0" cellspacing="0" role="presentation" style="box-sizing: border-box; font-family: -apple-system, BlinkMacSystemFont, 'Segoe UI', Roboto, Helvetica, Arial, sans-serif, 'Apple Color Emoji', 'Segoe UI Emoji', 'Segoe UI Symbol'; position: relative; -premailer-cellpadding: 0; -premailer-cellspacing: 0; -premailer-width: 100%; background-color: #fafafa; margin: 0; padding: 0; width: 100%;">
<tr>
<td align="center" style="box-sizing: border-box; font-family: -apple-system, BlinkMacSystemFont, 'Segoe UI', Roboto, Helvetica, Arial, sans-serif, 'Apple Color Emoji', 'Segoe UI Emoji', 'Segoe UI Symbol'; position: relative;">
<table class="content" width="100%" cellpadding="0" cellspacing="0" role="presentation" style="box-sizing: border-box; font-family: -apple-system, BlinkMacSystemFont, 'Segoe UI', Roboto, Helvetica, Arial, sans-serif, 'Apple Color Emoji', 'Segoe UI Emoji', 'Segoe UI Symbol'; position: relative; -premailer-cellpadding: 0; -premailer-cellspacing: 0; -premailer-width: 100%; margin: 0; padding: 0; width: 100%;">
<tr>
<td class="header" style="box-sizing: border-box; font-family: -apple-system, BlinkMacSystemFont, 'Segoe UI', Roboto, Helvetica, Arial, sans-serif, 'Apple Color Emoji', 'Segoe UI Emoji', 'Segoe UI Symbol'; position: relative; padding: 25px 0; text-align: center;">
<a href="https://armaster.net" style="box-sizing: border-box; font-family: -apple-system, BlinkMacSystemFont, 'Segoe UI', Roboto, Helvetica, Arial, sans-serif, 'Apple Color Emoji', 'Segoe UI Emoji', 'Segoe UI Symbol'; position: relative; color: #18181b; font-size: 19px; font-weight: bold; text-decoration: none; display: inline-block;">
Armaster
</a>
</td>
</tr>

<!-- Email Body -->
<tr>
<td class="body" width="100%" cellpadding="0" cellspacing="0" style="box-sizing: border-box; font-family: -apple-system, BlinkMacSystemFont, 'Segoe UI', Roboto, Helvetica, Arial, sans-serif, 'Apple Color Emoji', 'Segoe UI Emoji', 'Segoe UI Symbol'; position: relative; -premailer-cellpadding: 0; -premailer-cellspacing: 0; -premailer-width: 100%; background-color: #fafafa; border-bottom: 1px solid #fafafa; border-top: 1px solid #fafafa; margin: 0; padding: 0; width: 100%; border: hidden !important;">
<table class="inner-body" align="center" width="570" cellpadding="0" cellspacing="0" role="presentation" style="box-sizing: border-box; font-family: -apple-system, BlinkMacSystemFont, 'Segoe UI', Roboto, Helvetica, Arial, sans-serif, 'Apple Color Emoji', 'Segoe UI Emoji', 'Segoe UI Symbol'; position: relative; -premailer-cellpadding: 0; -premailer-cellspacing: 0; -premailer-width: 570px; background-color: #ffffff; border-color: #e4e4e7; border-radius: 4px; border-width: 1px; box-shadow: 0 1px 3px 0 rgba(0, 0, 0, 0.1), 0 1px 2px -1px rgba(0, 0, 0, 0.1); margin: 0 auto; padding: 0; width: 570px;">
<!-- Body content -->
<tr>
<td class="content-cell" style="box-sizing: border-box; font-family: -apple-system, BlinkMacSystemFont, 'Segoe UI', Roboto, Helvetica, Arial, sans-serif, 'Apple Color Emoji', 'Segoe UI Emoji', 'Segoe UI Symbol'; position: relative; max-width: 100vw; padding: 32px;">
<h1 style="box-sizing: border-box; font-family: -apple-system, BlinkMacSystemFont, 'Segoe UI', Roboto, Helvetica, Arial, sans-serif, 'Apple Color Emoji', 'Segoe UI Emoji', 'Segoe UI Symbol'; position: relative; color: #18181b; font-size: 18px; font-weight: bold; margin-top: 0; text-align: left;">Whoops!</h1>
<p style="box-sizing: border-box; font-family: -apple-system, BlinkMacSystemFont, 'Segoe UI', Roboto, Helvetica, Arial, sans-serif, 'Apple Color Emoji', 'Segoe UI Emoji', 'Segoe UI Symbol'; position: relative; font-size: 16px; line-height: 1.5em; margin-top: 0; text-align: left;">Penting: Sebuah error terjadi ketika membackup Armaster (production)</p>
<p style="box-sizing: border-box; font-family: -apple-system, BlinkMacSystemFont, 'Segoe UI', Roboto, Helvetica, Arial, sans-serif, 'Apple Color Emoji', 'Segoe UI Emoji', 'Segoe UI Symbol'; position: relative; font-size: 16px; line-height: 1.5em; margin-top: 0; text-align: left;">Pesan pengecualian: RecursiveDirectoryIterator::__construct(/var/www/html/armaster/storage_old/app/private/livewire-tmp): Failed to open directory: Permission denied</p>
<p style="box-sizing: border-box; font-family: -apple-system, BlinkMacSystemFont, 'Segoe UI', Roboto, Helvetica, Arial, sans-serif, 'Apple Color Emoji', 'Segoe UI Emoji', 'Segoe UI Symbol'; position: relative; font-size: 16px; line-height: 1.5em; margin-top: 0; text-align: left;">Jejak pengecualian: #0 /var/www/html/armaster/vendor/spatie/laravel-backup/src/Tasks/Backup/FileSelection.php(88): Symfony\Component\Finder\Iterator\RecursiveDirectoryIterator-&gt;getChildren() #1 /var/www/html/armaster/vendor/spatie/laravel-backup/src/Tasks/Backup/Manifest.php(35): Spatie\Backup\Tasks\Backup\FileSelection-&gt;selectedFiles() #2 /var/www/html/armaster/vendor/spatie/laravel-backup/src/Tasks/Backup/BackupJob.php(222): Spatie\Backup\Tasks\Backup\Manifest-&gt;addFiles() #3 /var/www/html/armaster/vendor/spatie/laravel-backup/src/Tasks/Backup/BackupJob.php(190): Spatie\Backup\Tasks\Backup\BackupJob-&gt;createBackupManifest() #4 /var/www/html/armaster/vendor/spatie/laravel-backup/src/Commands/BackupCommand.php(99): Spatie\Backup\Tasks\Backup\BackupJob-&gt;run() #5 /var/www/html/armaster/vendor/laravel/framework/src/Illuminate/Container/BoundMethod.php(36): Spatie\Backup\Commands\BackupCommand-&gt;handle() #6 /var/www/html/armaster/vendor/laravel/framework/src/Illuminate/Container/Util.php(43): Illuminate\Container\BoundMethod::Illuminate\Container{closure}() #7 /var/www/html/armaster/vendor/laravel/framework/src/Illuminate/Container/BoundMethod.php(96): Illuminate\Container\Util::unwrapIfClosure() #8 /var/www/html/armaster/vendor/laravel/framework/src/Illuminate/Container/BoundMethod.php(35): Illuminate\Container\BoundMethod::callBoundMethod() #9 /var/www/html/armaster/vendor/laravel/framework/src/Illuminate/Container/Container.php(799): Illuminate\Container\BoundMethod::call() #10 /var/www/html/armaster/vendor/laravel/framework/src/Illuminate/Console/Command.php(211): Illuminate\Container\Container-&gt;call() #11 /var/www/html/armaster/vendor/symfony/console/Command/Command.php(341): Illuminate\Console\Command-&gt;execute() #12 /var/www/html/armaster/vendor/laravel/framework/src/Illuminate/Console/Command.php(180): Symfony\Component\Console\Command\Command-&gt;run() #13 /var/www/html/armaster/vendor/spatie/laravel-backup/src/Commands/BaseCommand.php(35): Illuminate\Console\Command-&gt;run() #14 /var/www/html/armaster/vendor/symfony/console/Application.php(1102): Spatie\Backup\Commands\BaseCommand-&gt;run() #15 /var/www/html/armaster/vendor/symfony/console/Application.php(356): Symfony\Component\Console\Application-&gt;doRunCommand() #16 /var/www/html/armaster/vendor/symfony/console/Application.php(195): Symfony\Component\Console\Application-&gt;doRun() #17 /var/www/html/armaster/vendor/laravel/framework/src/Illuminate/Foundation/Console/Kernel.php(198): Symfony\Component\Console\Application-&gt;run() #18 /var/www/html/armaster/vendor/laravel/framework/src/Illuminate/Foundation/Application.php(1235): Illuminate\Foundation\Console\Kernel-&gt;handle() #19 /var/www/html/armaster/artisan(16): Illuminate\Foundation\Application-&gt;handleCommand() #20 {main}</p>
<p style="box-sizing: border-box; font-family: -apple-system, BlinkMacSystemFont, 'Segoe UI', Roboto, Helvetica, Arial, sans-serif, 'Apple Color Emoji', 'Segoe UI Emoji', 'Segoe UI Symbol'; position: relative; font-size: 16px; line-height: 1.5em; margin-top: 0; text-align: left;">Regards,<br>
Armaster</p>



</td>
</tr>
</table>
</td>
</tr>

<tr>
<td style="box-sizing: border-box; font-family: -apple-system, BlinkMacSystemFont, 'Segoe UI', Roboto, Helvetica, Arial, sans-serif, 'Apple Color Emoji', 'Segoe UI Emoji', 'Segoe UI Symbol'; position: relative;">
<table class="footer" align="center" width="570" cellpadding="0" cellspacing="0" role="presentation" style="box-sizing: border-box; font-family: -apple-system, BlinkMacSystemFont, 'Segoe UI', Roboto, Helvetica, Arial, sans-serif, 'Apple Color Emoji', 'Segoe UI Emoji', 'Segoe UI Symbol'; position: relative; -premailer-cellpadding: 0; -premailer-cellspacing: 0; -premailer-width: 570px; margin: 0 auto; padding: 0; text-align: center; width: 570px;">
<tr>
<td class="content-cell" align="center" style="box-sizing: border-box; font-family: -apple-system, BlinkMacSystemFont, 'Segoe UI', Roboto, Helvetica, Arial, sans-serif, 'Apple Color Emoji', 'Segoe UI Emoji', 'Segoe UI Symbol'; position: relative; max-width: 100vw; padding: 32px;">
<p style="box-sizing: border-box; font-family: -apple-system, BlinkMacSystemFont, 'Segoe UI', Roboto, Helvetica, Arial, sans-serif, 'Apple Color Emoji', 'Segoe UI Emoji', 'Segoe UI Symbol'; position: relative; line-height: 1.5em; margin-top: 0; color: #a1a1aa; font-size: 12px; text-align: center;">© 2026 Armaster. All rights reserved.</p>

</td>
</tr>
</table>
</td>
</tr>
</table>
</td>
</tr>
</table>
</body>
</html>
--0hulF6eB--
  
[2026-08-24 11:10:14] production.INFO: [backup] Starting backup...  
[2026-08-24 11:10:14] production.INFO: [backup] Dumping database fazmat...  
[2026-08-24 11:10:15] production.INFO: [backup] Determining files to backup...  
[2026-08-24 11:10:16] production.INFO: [backup] Zipping 1334 files and directories...  
[2026-08-24 11:10:23] production.INFO: [backup] Created zip containing 1334 files and directories. Size is 15.26 MB  
[2026-08-24 11:10:23] production.INFO: [backup] Copying zip to disk named local...  
[2026-08-24 11:10:23] production.INFO: [backup] Successfully copied zip to disk named local.  
[2026-08-24 11:10:23] production.DEBUG: From: Armaster <hello@example.com>
To: your@example.com
Subject: Backup baru sukses dari Armaster (production)
MIME-Version: 1.0
Date: Mon, 24 Aug 2026 11:10:23 +0000
Message-ID: <d6cfecd3be80319955330403a4913787@example.com>
Content-Type: multipart/alternative; boundary=nU0HxvjM

--nU0HxvjM
Content-Type: text/plain; charset=utf-8
Content-Transfer-Encoding: quoted-printable

Armaster: https://armaster.net

# Hello!

Kabar baik, sebuah backup baru dari Armaster (production) sukses dibuat pada disk bernama local.

Nama aplikasi: Armaster (production)

Nama cadangan: Armaster

Disk: local

Ukuran cadangan terbaru: 2026/08/24 11:10:14

Jumlah cadangan: 1

Total penyimpanan yang digunakan: 15.26 MB

Ukuran cadangan tertua: 2026/08/24 11:10:14

Regards,
Armaster

© 2026 Armaster. All rights reserved.

--nU0HxvjM
Content-Type: text/html; charset=utf-8
Content-Transfer-Encoding: quoted-printable

<!DOCTYPE html PUBLIC "-//W3C//DTD XHTML 1.0 Transitional//EN" "http://www.w3.org/TR/xhtml1/DTD/xhtml1-transitional.dtd">
<html xmlns="http://www.w3.org/1999/xhtml" lang="id">
<head>
<title>Armaster</title>
<meta name="viewport" content="width=device-width, initial-scale=1.0">
<meta http-equiv="Content-Type" content="text/html; charset=UTF-8">
<meta name="color-scheme" content="light">
<meta name="supported-color-schemes" content="light">
<style>
@media only screen and (max-width: 600px) {
.inner-body {
width: 100% !important;
}

.footer {
width: 100% !important;
}
}

@media only screen and (max-width: 500px) {
.button {
width: 100% !important;
}
}
</style>

</head>
<body style="box-sizing: border-box; font-family: -apple-system, BlinkMacSystemFont, 'Segoe UI', Roboto, Helvetica, Arial, sans-serif, 'Apple Color Emoji', 'Segoe UI Emoji', 'Segoe UI Symbol'; position: relative; -webkit-text-size-adjust: none; background-color: #ffffff; color: #52525b; height: 100%; line-height: 1.4; margin: 0; padding: 0; width: 100% !important;">

<table class="wrapper" width="100%" cellpadding="0" cellspacing="0" role="presentation" style="box-sizing: border-box; font-family: -apple-system, BlinkMacSystemFont, 'Segoe UI', Roboto, Helvetica, Arial, sans-serif, 'Apple Color Emoji', 'Segoe UI Emoji', 'Segoe UI Symbol'; position: relative; -premailer-cellpadding: 0; -premailer-cellspacing: 0; -premailer-width: 100%; background-color: #fafafa; margin: 0; padding: 0; width: 100%;">
<tr>
<td align="center" style="box-sizing: border-box; font-family: -apple-system, BlinkMacSystemFont, 'Segoe UI', Roboto, Helvetica, Arial, sans-serif, 'Apple Color Emoji', 'Segoe UI Emoji', 'Segoe UI Symbol'; position: relative;">
<table class="content" width="100%" cellpadding="0" cellspacing="0" role="presentation" style="box-sizing: border-box; font-family: -apple-system, BlinkMacSystemFont, 'Segoe UI', Roboto, Helvetica, Arial, sans-serif, 'Apple Color Emoji', 'Segoe UI Emoji', 'Segoe UI Symbol'; position: relative; -premailer-cellpadding: 0; -premailer-cellspacing: 0; -premailer-width: 100%; margin: 0; padding: 0; width: 100%;">
<tr>
<td class="header" style="box-sizing: border-box; font-family: -apple-system, BlinkMacSystemFont, 'Segoe UI', Roboto, Helvetica, Arial, sans-serif, 'Apple Color Emoji', 'Segoe UI Emoji', 'Segoe UI Symbol'; position: relative; padding: 25px 0; text-align: center;">
<a href="https://armaster.net" style="box-sizing: border-box; font-family: -apple-system, BlinkMacSystemFont, 'Segoe UI', Roboto, Helvetica, Arial, sans-serif, 'Apple Color Emoji', 'Segoe UI Emoji', 'Segoe UI Symbol'; position: relative; color: #18181b; font-size: 19px; font-weight: bold; text-decoration: none; display: inline-block;">
Armaster
</a>
</td>
</tr>

<!-- Email Body -->
<tr>
<td class="body" width="100%" cellpadding="0" cellspacing="0" style="box-sizing: border-box; font-family: -apple-system, BlinkMacSystemFont, 'Segoe UI', Roboto, Helvetica, Arial, sans-serif, 'Apple Color Emoji', 'Segoe UI Emoji', 'Segoe UI Symbol'; position: relative; -premailer-cellpadding: 0; -premailer-cellspacing: 0; -premailer-width: 100%; background-color: #fafafa; border-bottom: 1px solid #fafafa; border-top: 1px solid #fafafa; margin: 0; padding: 0; width: 100%; border: hidden !important;">
<table class="inner-body" align="center" width="570" cellpadding="0" cellspacing="0" role="presentation" style="box-sizing: border-box; font-family: -apple-system, BlinkMacSystemFont, 'Segoe UI', Roboto, Helvetica, Arial, sans-serif, 'Apple Color Emoji', 'Segoe UI Emoji', 'Segoe UI Symbol'; position: relative; -premailer-cellpadding: 0; -premailer-cellspacing: 0; -premailer-width: 570px; background-color: #ffffff; border-color: #e4e4e7; border-radius: 4px; border-width: 1px; box-shadow: 0 1px 3px 0 rgba(0, 0, 0, 0.1), 0 1px 2px -1px rgba(0, 0, 0, 0.1); margin: 0 auto; padding: 0; width: 570px;">
<!-- Body content -->
<tr>
<td class="content-cell" style="box-sizing: border-box; font-family: -apple-system, BlinkMacSystemFont, 'Segoe UI', Roboto, Helvetica, Arial, sans-serif, 'Apple Color Emoji', 'Segoe UI Emoji', 'Segoe UI Symbol'; position: relative; max-width: 100vw; padding: 32px;">
<h1 style="box-sizing: border-box; font-family: -apple-system, BlinkMacSystemFont, 'Segoe UI', Roboto, Helvetica, Arial, sans-serif, 'Apple Color Emoji', 'Segoe UI Emoji', 'Segoe UI Symbol'; position: relative; color: #18181b; font-size: 18px; font-weight: bold; margin-top: 0; text-align: left;">Hello!</h1>
<p style="box-sizing: border-box; font-family: -apple-system, BlinkMacSystemFont, 'Segoe UI', Roboto, Helvetica, Arial, sans-serif, 'Apple Color Emoji', 'Segoe UI Emoji', 'Segoe UI Symbol'; position: relative; font-size: 16px; line-height: 1.5em; margin-top: 0; text-align: left;">Kabar baik, sebuah backup baru dari Armaster (production) sukses dibuat pada disk bernama local.</p>
<p style="box-sizing: border-box; font-family: -apple-system, BlinkMacSystemFont, 'Segoe UI', Roboto, Helvetica, Arial, sans-serif, 'Apple Color Emoji', 'Segoe UI Emoji', 'Segoe UI Symbol'; position: relative; font-size: 16px; line-height: 1.5em; margin-top: 0; text-align: left;">Nama aplikasi: Armaster (production)</p>
<p style="box-sizing: border-box; font-family: -apple-system, BlinkMacSystemFont, 'Segoe UI', Roboto, Helvetica, Arial, sans-serif, 'Apple Color Emoji', 'Segoe UI Emoji', 'Segoe UI Symbol'; position: relative; font-size: 16px; line-height: 1.5em; margin-top: 0; text-align: left;">Nama cadangan: Armaster</p>
<p style="box-sizing: border-box; font-family: -apple-system, BlinkMacSystemFont, 'Segoe UI', Roboto, Helvetica, Arial, sans-serif, 'Apple Color Emoji', 'Segoe UI Emoji', 'Segoe UI Symbol'; position: relative; font-size: 16px; line-height: 1.5em; margin-top: 0; text-align: left;">Disk: local</p>
<p style="box-sizing: border-box; font-family: -apple-system, BlinkMacSystemFont, 'Segoe UI', Roboto, Helvetica, Arial, sans-serif, 'Apple Color Emoji', 'Segoe UI Emoji', 'Segoe UI Symbol'; position: relative; font-size: 16px; line-height: 1.5em; margin-top: 0; text-align: left;">Ukuran cadangan terbaru: 2026/08/24 11:10:14</p>
<p style="box-sizing: border-box; font-family: -apple-system, BlinkMacSystemFont, 'Segoe UI', Roboto, Helvetica, Arial, sans-serif, 'Apple Color Emoji', 'Segoe UI Emoji', 'Segoe UI Symbol'; position: relative; font-size: 16px; line-height: 1.5em; margin-top: 0; text-align: left;">Jumlah cadangan: 1</p>
<p style="box-sizing: border-box; font-family: -apple-system, BlinkMacSystemFont, 'Segoe UI', Roboto, Helvetica, Arial, sans-serif, 'Apple Color Emoji', 'Segoe UI Emoji', 'Segoe UI Symbol'; position: relative; font-size: 16px; line-height: 1.5em; margin-top: 0; text-align: left;">Total penyimpanan yang digunakan: 15.26 MB</p>
<p style="box-sizing: border-box; font-family: -apple-system, BlinkMacSystemFont, 'Segoe UI', Roboto, Helvetica, Arial, sans-serif, 'Apple Color Emoji', 'Segoe UI Emoji', 'Segoe UI Symbol'; position: relative; font-size: 16px; line-height: 1.5em; margin-top: 0; text-align: left;">Ukuran cadangan tertua: 2026/08/24 11:10:14</p>
<p style="box-sizing: border-box; font-family: -apple-system, BlinkMacSystemFont, 'Segoe UI', Roboto, Helvetica, Arial, sans-serif, 'Apple Color Emoji', 'Segoe UI Emoji', 'Segoe UI Symbol'; position: relative; font-size: 16px; line-height: 1.5em; margin-top: 0; text-align: left;">Regards,<br>
Armaster</p>



</td>
</tr>
</table>
</td>
</tr>

<tr>
<td style="box-sizing: border-box; font-family: -apple-system, BlinkMacSystemFont, 'Segoe UI', Roboto, Helvetica, Arial, sans-serif, 'Apple Color Emoji', 'Segoe UI Emoji', 'Segoe UI Symbol'; position: relative;">
<table class="footer" align="center" width="570" cellpadding="0" cellspacing="0" role="presentation" style="box-sizing: border-box; font-family: -apple-system, BlinkMacSystemFont, 'Segoe UI', Roboto, Helvetica, Arial, sans-serif, 'Apple Color Emoji', 'Segoe UI Emoji', 'Segoe UI Symbol'; position: relative; -premailer-cellpadding: 0; -premailer-cellspacing: 0; -premailer-width: 570px; margin: 0 auto; padding: 0; text-align: center; width: 570px;">
<tr>
<td class="content-cell" align="center" style="box-sizing: border-box; font-family: -apple-system, BlinkMacSystemFont, 'Segoe UI', Roboto, Helvetica, Arial, sans-serif, 'Apple Color Emoji', 'Segoe UI Emoji', 'Segoe UI Symbol'; position: relative; max-width: 100vw; padding: 32px;">
<p style="box-sizing: border-box; font-family: -apple-system, BlinkMacSystemFont, 'Segoe UI', Roboto, Helvetica, Arial, sans-serif, 'Apple Color Emoji', 'Segoe UI Emoji', 'Segoe UI Symbol'; position: relative; line-height: 1.5em; margin-top: 0; color: #a1a1aa; font-size: 12px; text-align: center;">© 2026 Armaster. All rights reserved.</p>

</td>
</tr>
</table>
</td>
</tr>
</table>
</td>
</tr>
</table>
</body>
</html>
--nU0HxvjM--
  
[2026-08-24 11:10:23] production.INFO: [backup] Backup completed!  
[2026-08-24 11:10:47] production.INFO: [backup] Starting cleanup...  
[2026-08-24 11:10:47] production.INFO: [backup] Cleaning backups of Armaster on disk local...  
[2026-08-24 11:10:47] production.DEBUG: From: Armaster <hello@example.com>
To: your@example.com
Subject: Sukses membersihkan backup Armaster (production)
MIME-Version: 1.0
Date: Mon, 24 Aug 2026 11:10:47 +0000
Message-ID: <0e0c2a3b56df56fba65fc1097ffacdbb@example.com>
Content-Type: multipart/alternative; boundary=SbF89vmR

--SbF89vmR
Content-Type: text/plain; charset=utf-8
Content-Transfer-Encoding: quoted-printable

Armaster: https://armaster.net

# Hello!

Pembersihan backup Armaster (production) pada disk bernama local telah sukses.

Nama aplikasi: Armaster (production)

Nama cadangan: Armaster

Disk: local

Ukuran cadangan terbaru: 2026/08/24 11:10:14

Jumlah cadangan: 1

Total penyimpanan yang digunakan: 15.26 MB

Ukuran cadangan tertua: 2026/08/24 11:10:14

Regards,
Armaster

© 2026 Armaster. All rights reserved.

--SbF89vmR
Content-Type: text/html; charset=utf-8
Content-Transfer-Encoding: quoted-printable

<!DOCTYPE html PUBLIC "-//W3C//DTD XHTML 1.0 Transitional//EN" "http://www.w3.org/TR/xhtml1/DTD/xhtml1-transitional.dtd">
<html xmlns="http://www.w3.org/1999/xhtml" lang="id">
<head>
<title>Armaster</title>
<meta name="viewport" content="width=device-width, initial-scale=1.0">
<meta http-equiv="Content-Type" content="text/html; charset=UTF-8">
<meta name="color-scheme" content="light">
<meta name="supported-color-schemes" content="light">
<style>
@media only screen and (max-width: 600px) {
.inner-body {
width: 100% !important;
}

.footer {
width: 100% !important;
}
}

@media only screen and (max-width: 500px) {
.button {
width: 100% !important;
}
}
</style>

</head>
<body style="box-sizing: border-box; font-family: -apple-system, BlinkMacSystemFont, 'Segoe UI', Roboto, Helvetica, Arial, sans-serif, 'Apple Color Emoji', 'Segoe UI Emoji', 'Segoe UI Symbol'; position: relative; -webkit-text-size-adjust: none; background-color: #ffffff; color: #52525b; height: 100%; line-height: 1.4; margin: 0; padding: 0; width: 100% !important;">

<table class="wrapper" width="100%" cellpadding="0" cellspacing="0" role="presentation" style="box-sizing: border-box; font-family: -apple-system, BlinkMacSystemFont, 'Segoe UI', Roboto, Helvetica, Arial, sans-serif, 'Apple Color Emoji', 'Segoe UI Emoji', 'Segoe UI Symbol'; position: relative; -premailer-cellpadding: 0; -premailer-cellspacing: 0; -premailer-width: 100%; background-color: #fafafa; margin: 0; padding: 0; width: 100%;">
<tr>
<td align="center" style="box-sizing: border-box; font-family: -apple-system, BlinkMacSystemFont, 'Segoe UI', Roboto, Helvetica, Arial, sans-serif, 'Apple Color Emoji', 'Segoe UI Emoji', 'Segoe UI Symbol'; position: relative;">
<table class="content" width="100%" cellpadding="0" cellspacing="0" role="presentation" style="box-sizing: border-box; font-family: -apple-system, BlinkMacSystemFont, 'Segoe UI', Roboto, Helvetica, Arial, sans-serif, 'Apple Color Emoji', 'Segoe UI Emoji', 'Segoe UI Symbol'; position: relative; -premailer-cellpadding: 0; -premailer-cellspacing: 0; -premailer-width: 100%; margin: 0; padding: 0; width: 100%;">
<tr>
<td class="header" style="box-sizing: border-box; font-family: -apple-system, BlinkMacSystemFont, 'Segoe UI', Roboto, Helvetica, Arial, sans-serif, 'Apple Color Emoji', 'Segoe UI Emoji', 'Segoe UI Symbol'; position: relative; padding: 25px 0; text-align: center;">
<a href="https://armaster.net" style="box-sizing: border-box; font-family: -apple-system, BlinkMacSystemFont, 'Segoe UI', Roboto, Helvetica, Arial, sans-serif, 'Apple Color Emoji', 'Segoe UI Emoji', 'Segoe UI Symbol'; position: relative; color: #18181b; font-size: 19px; font-weight: bold; text-decoration: none; display: inline-block;">
Armaster
</a>
</td>
</tr>

<!-- Email Body -->
<tr>
<td class="body" width="100%" cellpadding="0" cellspacing="0" style="box-sizing: border-box; font-family: -apple-system, BlinkMacSystemFont, 'Segoe UI', Roboto, Helvetica, Arial, sans-serif, 'Apple Color Emoji', 'Segoe UI Emoji', 'Segoe UI Symbol'; position: relative; -premailer-cellpadding: 0; -premailer-cellspacing: 0; -premailer-width: 100%; background-color: #fafafa; border-bottom: 1px solid #fafafa; border-top: 1px solid #fafafa; margin: 0; padding: 0; width: 100%; border: hidden !important;">
<table class="inner-body" align="center" width="570" cellpadding="0" cellspacing="0" role="presentation" style="box-sizing: border-box; font-family: -apple-system, BlinkMacSystemFont, 'Segoe UI', Roboto, Helvetica, Arial, sans-serif, 'Apple Color Emoji', 'Segoe UI Emoji', 'Segoe UI Symbol'; position: relative; -premailer-cellpadding: 0; -premailer-cellspacing: 0; -premailer-width: 570px; background-color: #ffffff; border-color: #e4e4e7; border-radius: 4px; border-width: 1px; box-shadow: 0 1px 3px 0 rgba(0, 0, 0, 0.1), 0 1px 2px -1px rgba(0, 0, 0, 0.1); margin: 0 auto; padding: 0; width: 570px;">
<!-- Body content -->
<tr>
<td class="content-cell" style="box-sizing: border-box; font-family: -apple-system, BlinkMacSystemFont, 'Segoe UI', Roboto, Helvetica, Arial, sans-serif, 'Apple Color Emoji', 'Segoe UI Emoji', 'Segoe UI Symbol'; position: relative; max-width: 100vw; padding: 32px;">
<h1 style="box-sizing: border-box; font-family: -apple-system, BlinkMacSystemFont, 'Segoe UI', Roboto, Helvetica, Arial, sans-serif, 'Apple Color Emoji', 'Segoe UI Emoji', 'Segoe UI Symbol'; position: relative; color: #18181b; font-size: 18px; font-weight: bold; margin-top: 0; text-align: left;">Hello!</h1>
<p style="box-sizing: border-box; font-family: -apple-system, BlinkMacSystemFont, 'Segoe UI', Roboto, Helvetica, Arial, sans-serif, 'Apple Color Emoji', 'Segoe UI Emoji', 'Segoe UI Symbol'; position: relative; font-size: 16px; line-height: 1.5em; margin-top: 0; text-align: left;">Pembersihan backup Armaster (production) pada disk bernama local telah sukses.</p>
<p style="box-sizing: border-box; font-family: -apple-system, BlinkMacSystemFont, 'Segoe UI', Roboto, Helvetica, Arial, sans-serif, 'Apple Color Emoji', 'Segoe UI Emoji', 'Segoe UI Symbol'; position: relative; font-size: 16px; line-height: 1.5em; margin-top: 0; text-align: left;">Nama aplikasi: Armaster (production)</p>
<p style="box-sizing: border-box; font-family: -apple-system, BlinkMacSystemFont, 'Segoe UI', Roboto, Helvetica, Arial, sans-serif, 'Apple Color Emoji', 'Segoe UI Emoji', 'Segoe UI Symbol'; position: relative; font-size: 16px; line-height: 1.5em; margin-top: 0; text-align: left;">Nama cadangan: Armaster</p>
<p style="box-sizing: border-box; font-family: -apple-system, BlinkMacSystemFont, 'Segoe UI', Roboto, Helvetica, Arial, sans-serif, 'Apple Color Emoji', 'Segoe UI Emoji', 'Segoe UI Symbol'; position: relative; font-size: 16px; line-height: 1.5em; margin-top: 0; text-align: left;">Disk: local</p>
<p style="box-sizing: border-box; font-family: -apple-system, BlinkMacSystemFont, 'Segoe UI', Roboto, Helvetica, Arial, sans-serif, 'Apple Color Emoji', 'Segoe UI Emoji', 'Segoe UI Symbol'; position: relative; font-size: 16px; line-height: 1.5em; margin-top: 0; text-align: left;">Ukuran cadangan terbaru: 2026/08/24 11:10:14</p>
<p style="box-sizing: border-box; font-family: -apple-system, BlinkMacSystemFont, 'Segoe UI', Roboto, Helvetica, Arial, sans-serif, 'Apple Color Emoji', 'Segoe UI Emoji', 'Segoe UI Symbol'; position: relative; font-size: 16px; line-height: 1.5em; margin-top: 0; text-align: left;">Jumlah cadangan: 1</p>
<p style="box-sizing: border-box; font-family: -apple-system, BlinkMacSystemFont, 'Segoe UI', Roboto, Helvetica, Arial, sans-serif, 'Apple Color Emoji', 'Segoe UI Emoji', 'Segoe UI Symbol'; position: relative; font-size: 16px; line-height: 1.5em; margin-top: 0; text-align: left;">Total penyimpanan yang digunakan: 15.26 MB</p>
<p style="box-sizing: border-box; font-family: -apple-system, BlinkMacSystemFont, 'Segoe UI', Roboto, Helvetica, Arial, sans-serif, 'Apple Color Emoji', 'Segoe UI Emoji', 'Segoe UI Symbol'; position: relative; font-size: 16px; line-height: 1.5em; margin-top: 0; text-align: left;">Ukuran cadangan tertua: 2026/08/24 11:10:14</p>
<p style="box-sizing: border-box; font-family: -apple-system, BlinkMacSystemFont, 'Segoe UI', Roboto, Helvetica, Arial, sans-serif, 'Apple Color Emoji', 'Segoe UI Emoji', 'Segoe UI Symbol'; position: relative; font-size: 16px; line-height: 1.5em; margin-top: 0; text-align: left;">Regards,<br>
Armaster</p>



</td>
</tr>
</table>
</td>
</tr>

<tr>
<td style="box-sizing: border-box; font-family: -apple-system, BlinkMacSystemFont, 'Segoe UI', Roboto, Helvetica, Arial, sans-serif, 'Apple Color Emoji', 'Segoe UI Emoji', 'Segoe UI Symbol'; position: relative;">
<table class="footer" align="center" width="570" cellpadding="0" cellspacing="0" role="presentation" style="box-sizing: border-box; font-family: -apple-system, BlinkMacSystemFont, 'Segoe UI', Roboto, Helvetica, Arial, sans-serif, 'Apple Color Emoji', 'Segoe UI Emoji', 'Segoe UI Symbol'; position: relative; -premailer-cellpadding: 0; -premailer-cellspacing: 0; -premailer-width: 570px; margin: 0 auto; padding: 0; text-align: center; width: 570px;">
<tr>
<td class="content-cell" align="center" style="box-sizing: border-box; font-family: -apple-system, BlinkMacSystemFont, 'Segoe UI', Roboto, Helvetica, Arial, sans-serif, 'Apple Color Emoji', 'Segoe UI Emoji', 'Segoe UI Symbol'; position: relative; max-width: 100vw; padding: 32px;">
<p style="box-sizing: border-box; font-family: -apple-system, BlinkMacSystemFont, 'Segoe UI', Roboto, Helvetica, Arial, sans-serif, 'Apple Color Emoji', 'Segoe UI Emoji', 'Segoe UI Symbol'; position: relative; line-height: 1.5em; margin-top: 0; color: #a1a1aa; font-size: 12px; text-align: center;">© 2026 Armaster. All rights reserved.</p>

</td>
</tr>
</table>
</td>
</tr>
</table>
</td>
</tr>
</table>
</body>
</html>
--SbF89vmR--
  
[2026-08-24 11:10:47] production.INFO: [backup] Used storage after cleanup: 15.26 MB.  
[2026-08-24 11:10:47] production.INFO: [backup] Cleanup completed!  
[2026-08-24 11:10:50] production.INFO: [backup] Starting backup...  
[2026-08-24 11:10:50] production.INFO: [backup] Dumping database fazmat...  
[2026-08-24 11:10:51] production.INFO: [backup] Determining files to backup...  
[2026-08-24 11:10:53] production.INFO: [backup] Zipping 1334 files and directories...  
[2026-08-24 11:10:59] production.INFO: [backup] Created zip containing 1334 files and directories. Size is 15.26 MB  
[2026-08-24 11:10:59] production.INFO: [backup] Copying zip to disk named local...  
[2026-08-24 11:10:59] production.INFO: [backup] Successfully copied zip to disk named local.  
[2026-08-24 11:10:59] production.DEBUG: From: Armaster <hello@example.com>
To: your@example.com
Subject: Backup baru sukses dari Armaster (production)
MIME-Version: 1.0
Date: Mon, 24 Aug 2026 11:10:59 +0000
Message-ID: <5707bb4e00adaf834c0890710063eb57@example.com>
Content-Type: multipart/alternative; boundary=m3LYzB_k

--m3LYzB_k
Content-Type: text/plain; charset=utf-8
Content-Transfer-Encoding: quoted-printable

Armaster: https://armaster.net

# Hello!

Kabar baik, sebuah backup baru dari Armaster (production) sukses dibuat pada disk bernama local.

Nama aplikasi: Armaster (production)

Nama cadangan: Armaster

Disk: local

Ukuran cadangan terbaru: 2026/08/24 11:10:50

Jumlah cadangan: 2

Total penyimpanan yang digunakan: 30.51 MB

Ukuran cadangan tertua: 2026/08/24 11:10:14

Regards,
Armaster

© 2026 Armaster. All rights reserved.

--m3LYzB_k
Content-Type: text/html; charset=utf-8
Content-Transfer-Encoding: quoted-printable

<!DOCTYPE html PUBLIC "-//W3C//DTD XHTML 1.0 Transitional//EN" "http://www.w3.org/TR/xhtml1/DTD/xhtml1-transitional.dtd">
<html xmlns="http://www.w3.org/1999/xhtml" lang="id">
<head>
<title>Armaster</title>
<meta name="viewport" content="width=device-width, initial-scale=1.0">
<meta http-equiv="Content-Type" content="text/html; charset=UTF-8">
<meta name="color-scheme" content="light">
<meta name="supported-color-schemes" content="light">
<style>
@media only screen and (max-width: 600px) {
.inner-body {
width: 100% !important;
}

.footer {
width: 100% !important;
}
}

@media only screen and (max-width: 500px) {
.button {
width: 100% !important;
}
}
</style>

</head>
<body style="box-sizing: border-box; font-family: -apple-system, BlinkMacSystemFont, 'Segoe UI', Roboto, Helvetica, Arial, sans-serif, 'Apple Color Emoji', 'Segoe UI Emoji', 'Segoe UI Symbol'; position: relative; -webkit-text-size-adjust: none; background-color: #ffffff; color: #52525b; height: 100%; line-height: 1.4; margin: 0; padding: 0; width: 100% !important;">

<table class="wrapper" width="100%" cellpadding="0" cellspacing="0" role="presentation" style="box-sizing: border-box; font-family: -apple-system, BlinkMacSystemFont, 'Segoe UI', Roboto, Helvetica, Arial, sans-serif, 'Apple Color Emoji', 'Segoe UI Emoji', 'Segoe UI Symbol'; position: relative; -premailer-cellpadding: 0; -premailer-cellspacing: 0; -premailer-width: 100%; background-color: #fafafa; margin: 0; padding: 0; width: 100%;">
<tr>
<td align="center" style="box-sizing: border-box; font-family: -apple-system, BlinkMacSystemFont, 'Segoe UI', Roboto, Helvetica, Arial, sans-serif, 'Apple Color Emoji', 'Segoe UI Emoji', 'Segoe UI Symbol'; position: relative;">
<table class="content" width="100%" cellpadding="0" cellspacing="0" role="presentation" style="box-sizing: border-box; font-family: -apple-system, BlinkMacSystemFont, 'Segoe UI', Roboto, Helvetica, Arial, sans-serif, 'Apple Color Emoji', 'Segoe UI Emoji', 'Segoe UI Symbol'; position: relative; -premailer-cellpadding: 0; -premailer-cellspacing: 0; -premailer-width: 100%; margin: 0; padding: 0; width: 100%;">
<tr>
<td class="header" style="box-sizing: border-box; font-family: -apple-system, BlinkMacSystemFont, 'Segoe UI', Roboto, Helvetica, Arial, sans-serif, 'Apple Color Emoji', 'Segoe UI Emoji', 'Segoe UI Symbol'; position: relative; padding: 25px 0; text-align: center;">
<a href="https://armaster.net" style="box-sizing: border-box; font-family: -apple-system, BlinkMacSystemFont, 'Segoe UI', Roboto, Helvetica, Arial, sans-serif, 'Apple Color Emoji', 'Segoe UI Emoji', 'Segoe UI Symbol'; position: relative; color: #18181b; font-size: 19px; font-weight: bold; text-decoration: none; display: inline-block;">
Armaster
</a>
</td>
</tr>

<!-- Email Body -->
<tr>
<td class="body" width="100%" cellpadding="0" cellspacing="0" style="box-sizing: border-box; font-family: -apple-system, BlinkMacSystemFont, 'Segoe UI', Roboto, Helvetica, Arial, sans-serif, 'Apple Color Emoji', 'Segoe UI Emoji', 'Segoe UI Symbol'; position: relative; -premailer-cellpadding: 0; -premailer-cellspacing: 0; -premailer-width: 100%; background-color: #fafafa; border-bottom: 1px solid #fafafa; border-top: 1px solid #fafafa; margin: 0; padding: 0; width: 100%; border: hidden !important;">
<table class="inner-body" align="center" width="570" cellpadding="0" cellspacing="0" role="presentation" style="box-sizing: border-box; font-family: -apple-system, BlinkMacSystemFont, 'Segoe UI', Roboto, Helvetica, Arial, sans-serif, 'Apple Color Emoji', 'Segoe UI Emoji', 'Segoe UI Symbol'; position: relative; -premailer-cellpadding: 0; -premailer-cellspacing: 0; -premailer-width: 570px; background-color: #ffffff; border-color: #e4e4e7; border-radius: 4px; border-width: 1px; box-shadow: 0 1px 3px 0 rgba(0, 0, 0, 0.1), 0 1px 2px -1px rgba(0, 0, 0, 0.1); margin: 0 auto; padding: 0; width: 570px;">
<!-- Body content -->
<tr>
<td class="content-cell" style="box-sizing: border-box; font-family: -apple-system, BlinkMacSystemFont, 'Segoe UI', Roboto, Helvetica, Arial, sans-serif, 'Apple Color Emoji', 'Segoe UI Emoji', 'Segoe UI Symbol'; position: relative; max-width: 100vw; padding: 32px;">
<h1 style="box-sizing: border-box; font-family: -apple-system, BlinkMacSystemFont, 'Segoe UI', Roboto, Helvetica, Arial, sans-serif, 'Apple Color Emoji', 'Segoe UI Emoji', 'Segoe UI Symbol'; position: relative; color: #18181b; font-size: 18px; font-weight: bold; margin-top: 0; text-align: left;">Hello!</h1>
<p style="box-sizing: border-box; font-family: -apple-system, BlinkMacSystemFont, 'Segoe UI', Roboto, Helvetica, Arial, sans-serif, 'Apple Color Emoji', 'Segoe UI Emoji', 'Segoe UI Symbol'; position: relative; font-size: 16px; line-height: 1.5em; margin-top: 0; text-align: left;">Kabar baik, sebuah backup baru dari Armaster (production) sukses dibuat pada disk bernama local.</p>
<p style="box-sizing: border-box; font-family: -apple-system, BlinkMacSystemFont, 'Segoe UI', Roboto, Helvetica, Arial, sans-serif, 'Apple Color Emoji', 'Segoe UI Emoji', 'Segoe UI Symbol'; position: relative; font-size: 16px; line-height: 1.5em; margin-top: 0; text-align: left;">Nama aplikasi: Armaster (production)</p>
<p style="box-sizing: border-box; font-family: -apple-system, BlinkMacSystemFont, 'Segoe UI', Roboto, Helvetica, Arial, sans-serif, 'Apple Color Emoji', 'Segoe UI Emoji', 'Segoe UI Symbol'; position: relative; font-size: 16px; line-height: 1.5em; margin-top: 0; text-align: left;">Nama cadangan: Armaster</p>
<p style="box-sizing: border-box; font-family: -apple-system, BlinkMacSystemFont, 'Segoe UI', Roboto, Helvetica, Arial, sans-serif, 'Apple Color Emoji', 'Segoe UI Emoji', 'Segoe UI Symbol'; position: relative; font-size: 16px; line-height: 1.5em; margin-top: 0; text-align: left;">Disk: local</p>
<p style="box-sizing: border-box; font-family: -apple-system, BlinkMacSystemFont, 'Segoe UI', Roboto, Helvetica, Arial, sans-serif, 'Apple Color Emoji', 'Segoe UI Emoji', 'Segoe UI Symbol'; position: relative; font-size: 16px; line-height: 1.5em; margin-top: 0; text-align: left;">Ukuran cadangan terbaru: 2026/08/24 11:10:50</p>
<p style="box-sizing: border-box; font-family: -apple-system, BlinkMacSystemFont, 'Segoe UI', Roboto, Helvetica, Arial, sans-serif, 'Apple Color Emoji', 'Segoe UI Emoji', 'Segoe UI Symbol'; position: relative; font-size: 16px; line-height: 1.5em; margin-top: 0; text-align: left;">Jumlah cadangan: 2</p>
<p style="box-sizing: border-box; font-family: -apple-system, BlinkMacSystemFont, 'Segoe UI', Roboto, Helvetica, Arial, sans-serif, 'Apple Color Emoji', 'Segoe UI Emoji', 'Segoe UI Symbol'; position: relative; font-size: 16px; line-height: 1.5em; margin-top: 0; text-align: left;">Total penyimpanan yang digunakan: 30.51 MB</p>
<p style="box-sizing: border-box; font-family: -apple-system, BlinkMacSystemFont, 'Segoe UI', Roboto, Helvetica, Arial, sans-serif, 'Apple Color Emoji', 'Segoe UI Emoji', 'Segoe UI Symbol'; position: relative; font-size: 16px; line-height: 1.5em; margin-top: 0; text-align: left;">Ukuran cadangan tertua: 2026/08/24 11:10:14</p>
<p style="box-sizing: border-box; font-family: -apple-system, BlinkMacSystemFont, 'Segoe UI', Roboto, Helvetica, Arial, sans-serif, 'Apple Color Emoji', 'Segoe UI Emoji', 'Segoe UI Symbol'; position: relative; font-size: 16px; line-height: 1.5em; margin-top: 0; text-align: left;">Regards,<br>
Armaster</p>



</td>
</tr>
</table>
</td>
</tr>

<tr>
<td style="box-sizing: border-box; font-family: -apple-system, BlinkMacSystemFont, 'Segoe UI', Roboto, Helvetica, Arial, sans-serif, 'Apple Color Emoji', 'Segoe UI Emoji', 'Segoe UI Symbol'; position: relative;">
<table class="footer" align="center" width="570" cellpadding="0" cellspacing="0" role="presentation" style="box-sizing: border-box; font-family: -apple-system, BlinkMacSystemFont, 'Segoe UI', Roboto, Helvetica, Arial, sans-serif, 'Apple Color Emoji', 'Segoe UI Emoji', 'Segoe UI Symbol'; position: relative; -premailer-cellpadding: 0; -premailer-cellspacing: 0; -premailer-width: 570px; margin: 0 auto; padding: 0; text-align: center; width: 570px;">
<tr>
<td class="content-cell" align="center" style="box-sizing: border-box; font-family: -apple-system, BlinkMacSystemFont, 'Segoe UI', Roboto, Helvetica, Arial, sans-serif, 'Apple Color Emoji', 'Segoe UI Emoji', 'Segoe UI Symbol'; position: relative; max-width: 100vw; padding: 32px;">
<p style="box-sizing: border-box; font-family: -apple-system, BlinkMacSystemFont, 'Segoe UI', Roboto, Helvetica, Arial, sans-serif, 'Apple Color Emoji', 'Segoe UI Emoji', 'Segoe UI Symbol'; position: relative; line-height: 1.5em; margin-top: 0; color: #a1a1aa; font-size: 12px; text-align: center;">© 2026 Armaster. All rights reserved.</p>

</td>
</tr>
</table>
</td>
</tr>
</table>
</td>
</tr>
</table>
</body>
</html>
--m3LYzB_k--
  
[2026-08-24 11:10:59] production.INFO: [backup] Backup completed!  
[2026-08-24 11:11:37] production.INFO: [backup] Starting backup...  
[2026-08-24 11:11:37] production.INFO: [backup] Dumping database fazmat...  
[2026-08-24 11:11:38] production.INFO: [backup] Determining files to backup...  
[2026-08-24 11:11:38] production.INFO: [backup] Zipping 1 files and directories...  
[2026-08-24 11:11:39] production.INFO: [backup] Created zip containing 1 files and directories. Size is 553.62 KB  
[2026-08-24 11:11:39] production.INFO: [backup] Copying zip to disk named local...  
[2026-08-24 11:11:39] production.INFO: [backup] Successfully copied zip to disk named local.  
[2026-08-24 11:11:39] production.DEBUG: From: Armaster <hello@example.com>
To: your@example.com
Subject: Backup baru sukses dari Armaster (production)
MIME-Version: 1.0
Date: Mon, 24 Aug 2026 11:11:39 +0000
Message-ID: <69f67a444f1c69e14b15c46433e2cf3a@example.com>
Content-Type: multipart/alternative; boundary=Jnr-2kxR

--Jnr-2kxR
Content-Type: text/plain; charset=utf-8
Content-Transfer-Encoding: quoted-printable

Armaster: https://armaster.net

# Hello!

Kabar baik, sebuah backup baru dari Armaster (production) sukses dibuat pada disk bernama local.

Nama aplikasi: Armaster (production)

Nama cadangan: Armaster

Disk: local

Ukuran cadangan terbaru: 2026/08/24 11:11:37

Jumlah cadangan: 3

Total penyimpanan yang digunakan: 31.06 MB

Ukuran cadangan tertua: 2026/08/24 11:10:14

Regards,
Armaster

© 2026 Armaster. All rights reserved.

--Jnr-2kxR
Content-Type: text/html; charset=utf-8
Content-Transfer-Encoding: quoted-printable

<!DOCTYPE html PUBLIC "-//W3C//DTD XHTML 1.0 Transitional//EN" "http://www.w3.org/TR/xhtml1/DTD/xhtml1-transitional.dtd">
<html xmlns="http://www.w3.org/1999/xhtml" lang="id">
<head>
<title>Armaster</title>
<meta name="viewport" content="width=device-width, initial-scale=1.0">
<meta http-equiv="Content-Type" content="text/html; charset=UTF-8">
<meta name="color-scheme" content="light">
<meta name="supported-color-schemes" content="light">
<style>
@media only screen and (max-width: 600px) {
.inner-body {
width: 100% !important;
}

.footer {
width: 100% !important;
}
}

@media only screen and (max-width: 500px) {
.button {
width: 100% !important;
}
}
</style>

</head>
<body style="box-sizing: border-box; font-family: -apple-system, BlinkMacSystemFont, 'Segoe UI', Roboto, Helvetica, Arial, sans-serif, 'Apple Color Emoji', 'Segoe UI Emoji', 'Segoe UI Symbol'; position: relative; -webkit-text-size-adjust: none; background-color: #ffffff; color: #52525b; height: 100%; line-height: 1.4; margin: 0; padding: 0; width: 100% !important;">

<table class="wrapper" width="100%" cellpadding="0" cellspacing="0" role="presentation" style="box-sizing: border-box; font-family: -apple-system, BlinkMacSystemFont, 'Segoe UI', Roboto, Helvetica, Arial, sans-serif, 'Apple Color Emoji', 'Segoe UI Emoji', 'Segoe UI Symbol'; position: relative; -premailer-cellpadding: 0; -premailer-cellspacing: 0; -premailer-width: 100%; background-color: #fafafa; margin: 0; padding: 0; width: 100%;">
<tr>
<td align="center" style="box-sizing: border-box; font-family: -apple-system, BlinkMacSystemFont, 'Segoe UI', Roboto, Helvetica, Arial, sans-serif, 'Apple Color Emoji', 'Segoe UI Emoji', 'Segoe UI Symbol'; position: relative;">
<table class="content" width="100%" cellpadding="0" cellspacing="0" role="presentation" style="box-sizing: border-box; font-family: -apple-system, BlinkMacSystemFont, 'Segoe UI', Roboto, Helvetica, Arial, sans-serif, 'Apple Color Emoji', 'Segoe UI Emoji', 'Segoe UI Symbol'; position: relative; -premailer-cellpadding: 0; -premailer-cellspacing: 0; -premailer-width: 100%; margin: 0; padding: 0; width: 100%;">
<tr>
<td class="header" style="box-sizing: border-box; font-family: -apple-system, BlinkMacSystemFont, 'Segoe UI', Roboto, Helvetica, Arial, sans-serif, 'Apple Color Emoji', 'Segoe UI Emoji', 'Segoe UI Symbol'; position: relative; padding: 25px 0; text-align: center;">
<a href="https://armaster.net" style="box-sizing: border-box; font-family: -apple-system, BlinkMacSystemFont, 'Segoe UI', Roboto, Helvetica, Arial, sans-serif, 'Apple Color Emoji', 'Segoe UI Emoji', 'Segoe UI Symbol'; position: relative; color: #18181b; font-size: 19px; font-weight: bold; text-decoration: none; display: inline-block;">
Armaster
</a>
</td>
</tr>

<!-- Email Body -->
<tr>
<td class="body" width="100%" cellpadding="0" cellspacing="0" style="box-sizing: border-box; font-family: -apple-system, BlinkMacSystemFont, 'Segoe UI', Roboto, Helvetica, Arial, sans-serif, 'Apple Color Emoji', 'Segoe UI Emoji', 'Segoe UI Symbol'; position: relative; -premailer-cellpadding: 0; -premailer-cellspacing: 0; -premailer-width: 100%; background-color: #fafafa; border-bottom: 1px solid #fafafa; border-top: 1px solid #fafafa; margin: 0; padding: 0; width: 100%; border: hidden !important;">
<table class="inner-body" align="center" width="570" cellpadding="0" cellspacing="0" role="presentation" style="box-sizing: border-box; font-family: -apple-system, BlinkMacSystemFont, 'Segoe UI', Roboto, Helvetica, Arial, sans-serif, 'Apple Color Emoji', 'Segoe UI Emoji', 'Segoe UI Symbol'; position: relative; -premailer-cellpadding: 0; -premailer-cellspacing: 0; -premailer-width: 570px; background-color: #ffffff; border-color: #e4e4e7; border-radius: 4px; border-width: 1px; box-shadow: 0 1px 3px 0 rgba(0, 0, 0, 0.1), 0 1px 2px -1px rgba(0, 0, 0, 0.1); margin: 0 auto; padding: 0; width: 570px;">
<!-- Body content -->
<tr>
<td class="content-cell" style="box-sizing: border-box; font-family: -apple-system, BlinkMacSystemFont, 'Segoe UI', Roboto, Helvetica, Arial, sans-serif, 'Apple Color Emoji', 'Segoe UI Emoji', 'Segoe UI Symbol'; position: relative; max-width: 100vw; padding: 32px;">
<h1 style="box-sizing: border-box; font-family: -apple-system, BlinkMacSystemFont, 'Segoe UI', Roboto, Helvetica, Arial, sans-serif, 'Apple Color Emoji', 'Segoe UI Emoji', 'Segoe UI Symbol'; position: relative; color: #18181b; font-size: 18px; font-weight: bold; margin-top: 0; text-align: left;">Hello!</h1>
<p style="box-sizing: border-box; font-family: -apple-system, BlinkMacSystemFont, 'Segoe UI', Roboto, Helvetica, Arial, sans-serif, 'Apple Color Emoji', 'Segoe UI Emoji', 'Segoe UI Symbol'; position: relative; font-size: 16px; line-height: 1.5em; margin-top: 0; text-align: left;">Kabar baik, sebuah backup baru dari Armaster (production) sukses dibuat pada disk bernama local.</p>
<p style="box-sizing: border-box; font-family: -apple-system, BlinkMacSystemFont, 'Segoe UI', Roboto, Helvetica, Arial, sans-serif, 'Apple Color Emoji', 'Segoe UI Emoji', 'Segoe UI Symbol'; position: relative; font-size: 16px; line-height: 1.5em; margin-top: 0; text-align: left;">Nama aplikasi: Armaster (production)</p>
<p style="box-sizing: border-box; font-family: -apple-system, BlinkMacSystemFont, 'Segoe UI', Roboto, Helvetica, Arial, sans-serif, 'Apple Color Emoji', 'Segoe UI Emoji', 'Segoe UI Symbol'; position: relative; font-size: 16px; line-height: 1.5em; margin-top: 0; text-align: left;">Nama cadangan: Armaster</p>
<p style="box-sizing: border-box; font-family: -apple-system, BlinkMacSystemFont, 'Segoe UI', Roboto, Helvetica, Arial, sans-serif, 'Apple Color Emoji', 'Segoe UI Emoji', 'Segoe UI Symbol'; position: relative; font-size: 16px; line-height: 1.5em; margin-top: 0; text-align: left;">Disk: local</p>
<p style="box-sizing: border-box; font-family: -apple-system, BlinkMacSystemFont, 'Segoe UI', Roboto, Helvetica, Arial, sans-serif, 'Apple Color Emoji', 'Segoe UI Emoji', 'Segoe UI Symbol'; position: relative; font-size: 16px; line-height: 1.5em; margin-top: 0; text-align: left;">Ukuran cadangan terbaru: 2026/08/24 11:11:37</p>
<p style="box-sizing: border-box; font-family: -apple-system, BlinkMacSystemFont, 'Segoe UI', Roboto, Helvetica, Arial, sans-serif, 'Apple Color Emoji', 'Segoe UI Emoji', 'Segoe UI Symbol'; position: relative; font-size: 16px; line-height: 1.5em; margin-top: 0; text-align: left;">Jumlah cadangan: 3</p>
<p style="box-sizing: border-box; font-family: -apple-system, BlinkMacSystemFont, 'Segoe UI', Roboto, Helvetica, Arial, sans-serif, 'Apple Color Emoji', 'Segoe UI Emoji', 'Segoe UI Symbol'; position: relative; font-size: 16px; line-height: 1.5em; margin-top: 0; text-align: left;">Total penyimpanan yang digunakan: 31.06 MB</p>
<p style="box-sizing: border-box; font-family: -apple-system, BlinkMacSystemFont, 'Segoe UI', Roboto, Helvetica, Arial, sans-serif, 'Apple Color Emoji', 'Segoe UI Emoji', 'Segoe UI Symbol'; position: relative; font-size: 16px; line-height: 1.5em; margin-top: 0; text-align: left;">Ukuran cadangan tertua: 2026/08/24 11:10:14</p>
<p style="box-sizing: border-box; font-family: -apple-system, BlinkMacSystemFont, 'Segoe UI', Roboto, Helvetica, Arial, sans-serif, 'Apple Color Emoji', 'Segoe UI Emoji', 'Segoe UI Symbol'; position: relative; font-size: 16px; line-height: 1.5em; margin-top: 0; text-align: left;">Regards,<br>
Armaster</p>



</td>
</tr>
</table>
</td>
</tr>

<tr>
<td style="box-sizing: border-box; font-family: -apple-system, BlinkMacSystemFont, 'Segoe UI', Roboto, Helvetica, Arial, sans-serif, 'Apple Color Emoji', 'Segoe UI Emoji', 'Segoe UI Symbol'; position: relative;">
<table class="footer" align="center" width="570" cellpadding="0" cellspacing="0" role="presentation" style="box-sizing: border-box; font-family: -apple-system, BlinkMacSystemFont, 'Segoe UI', Roboto, Helvetica, Arial, sans-serif, 'Apple Color Emoji', 'Segoe UI Emoji', 'Segoe UI Symbol'; position: relative; -premailer-cellpadding: 0; -premailer-cellspacing: 0; -premailer-width: 570px; margin: 0 auto; padding: 0; text-align: center; width: 570px;">
<tr>
<td class="content-cell" align="center" style="box-sizing: border-box; font-family: -apple-system, BlinkMacSystemFont, 'Segoe UI', Roboto, Helvetica, Arial, sans-serif, 'Apple Color Emoji', 'Segoe UI Emoji', 'Segoe UI Symbol'; position: relative; max-width: 100vw; padding: 32px;">
<p style="box-sizing: border-box; font-family: -apple-system, BlinkMacSystemFont, 'Segoe UI', Roboto, Helvetica, Arial, sans-serif, 'Apple Color Emoji', 'Segoe UI Emoji', 'Segoe UI Symbol'; position: relative; line-height: 1.5em; margin-top: 0; color: #a1a1aa; font-size: 12px; text-align: center;">© 2026 Armaster. All rights reserved.</p>

</td>
</tr>
</table>
</td>
</tr>
</table>
</td>
</tr>
</table>
</body>
</html>
--Jnr-2kxR--
  
[2026-08-24 11:11:39] production.INFO: [backup] Backup completed!  
[2026-08-24 11:17:06] production.INFO: [backup] Starting backup...  
[2026-08-24 11:17:06] production.INFO: [backup] Dumping database fazmat...  
[2026-08-24 11:17:07] production.INFO: [backup] Determining files to backup...  
[2026-08-24 11:17:07] production.INFO: [backup] Zipping 1 files and directories...  
[2026-08-24 11:17:08] production.INFO: [backup] Created zip containing 1 files and directories. Size is 553.69 KB  
[2026-08-24 11:17:08] production.INFO: [backup] Copying zip to disk named local...  
[2026-08-24 11:17:08] production.INFO: [backup] Successfully copied zip to disk named local.  
[2026-08-24 11:17:08] production.DEBUG: From: Armaster <hello@example.com>
To: your@example.com
Subject: Backup baru sukses dari Armaster (production)
MIME-Version: 1.0
Date: Mon, 24 Aug 2026 11:17:08 +0000
Message-ID: <3aef7d06eae130c1d1be703134c752b7@example.com>
Content-Type: multipart/alternative; boundary=u4yYecTe

--u4yYecTe
Content-Type: text/plain; charset=utf-8
Content-Transfer-Encoding: quoted-printable

Armaster: https://armaster.net

# Hello!

Kabar baik, sebuah backup baru dari Armaster (production) sukses dibuat pada disk bernama local.

Nama aplikasi: Armaster (production)

Nama cadangan: Armaster

Disk: local

Ukuran cadangan terbaru: 2026/08/24 11:17:06

Jumlah cadangan: 3

Total penyimpanan yang digunakan: 16.34 MB

Ukuran cadangan tertua: 2026/08/24 11:10:14

Regards,
Armaster

© 2026 Armaster. All rights reserved.

--u4yYecTe
Content-Type: text/html; charset=utf-8
Content-Transfer-Encoding: quoted-printable

<!DOCTYPE html PUBLIC "-//W3C//DTD XHTML 1.0 Transitional//EN" "http://www.w3.org/TR/xhtml1/DTD/xhtml1-transitional.dtd">
<html xmlns="http://www.w3.org/1999/xhtml" lang="id">
<head>
<title>Armaster</title>
<meta name="viewport" content="width=device-width, initial-scale=1.0">
<meta http-equiv="Content-Type" content="text/html; charset=UTF-8">
<meta name="color-scheme" content="light">
<meta name="supported-color-schemes" content="light">
<style>
@media only screen and (max-width: 600px) {
.inner-body {
width: 100% !important;
}

.footer {
width: 100% !important;
}
}

@media only screen and (max-width: 500px) {
.button {
width: 100% !important;
}
}
</style>

</head>
<body style="box-sizing: border-box; font-family: -apple-system, BlinkMacSystemFont, 'Segoe UI', Roboto, Helvetica, Arial, sans-serif, 'Apple Color Emoji', 'Segoe UI Emoji', 'Segoe UI Symbol'; position: relative; -webkit-text-size-adjust: none; background-color: #ffffff; color: #52525b; height: 100%; line-height: 1.4; margin: 0; padding: 0; width: 100% !important;">

<table class="wrapper" width="100%" cellpadding="0" cellspacing="0" role="presentation" style="box-sizing: border-box; font-family: -apple-system, BlinkMacSystemFont, 'Segoe UI', Roboto, Helvetica, Arial, sans-serif, 'Apple Color Emoji', 'Segoe UI Emoji', 'Segoe UI Symbol'; position: relative; -premailer-cellpadding: 0; -premailer-cellspacing: 0; -premailer-width: 100%; background-color: #fafafa; margin: 0; padding: 0; width: 100%;">
<tr>
<td align="center" style="box-sizing: border-box; font-family: -apple-system, BlinkMacSystemFont, 'Segoe UI', Roboto, Helvetica, Arial, sans-serif, 'Apple Color Emoji', 'Segoe UI Emoji', 'Segoe UI Symbol'; position: relative;">
<table class="content" width="100%" cellpadding="0" cellspacing="0" role="presentation" style="box-sizing: border-box; font-family: -apple-system, BlinkMacSystemFont, 'Segoe UI', Roboto, Helvetica, Arial, sans-serif, 'Apple Color Emoji', 'Segoe UI Emoji', 'Segoe UI Symbol'; position: relative; -premailer-cellpadding: 0; -premailer-cellspacing: 0; -premailer-width: 100%; margin: 0; padding: 0; width: 100%;">
<tr>
<td class="header" style="box-sizing: border-box; font-family: -apple-system, BlinkMacSystemFont, 'Segoe UI', Roboto, Helvetica, Arial, sans-serif, 'Apple Color Emoji', 'Segoe UI Emoji', 'Segoe UI Symbol'; position: relative; padding: 25px 0; text-align: center;">
<a href="https://armaster.net" style="box-sizing: border-box; font-family: -apple-system, BlinkMacSystemFont, 'Segoe UI', Roboto, Helvetica, Arial, sans-serif, 'Apple Color Emoji', 'Segoe UI Emoji', 'Segoe UI Symbol'; position: relative; color: #18181b; font-size: 19px; font-weight: bold; text-decoration: none; display: inline-block;">
Armaster
</a>
</td>
</tr>

<!-- Email Body -->
<tr>
<td class="body" width="100%" cellpadding="0" cellspacing="0" style="box-sizing: border-box; font-family: -apple-system, BlinkMacSystemFont, 'Segoe UI', Roboto, Helvetica, Arial, sans-serif, 'Apple Color Emoji', 'Segoe UI Emoji', 'Segoe UI Symbol'; position: relative; -premailer-cellpadding: 0; -premailer-cellspacing: 0; -premailer-width: 100%; background-color: #fafafa; border-bottom: 1px solid #fafafa; border-top: 1px solid #fafafa; margin: 0; padding: 0; width: 100%; border: hidden !important;">
<table class="inner-body" align="center" width="570" cellpadding="0" cellspacing="0" role="presentation" style="box-sizing: border-box; font-family: -apple-system, BlinkMacSystemFont, 'Segoe UI', Roboto, Helvetica, Arial, sans-serif, 'Apple Color Emoji', 'Segoe UI Emoji', 'Segoe UI Symbol'; position: relative; -premailer-cellpadding: 0; -premailer-cellspacing: 0; -premailer-width: 570px; background-color: #ffffff; border-color: #e4e4e7; border-radius: 4px; border-width: 1px; box-shadow: 0 1px 3px 0 rgba(0, 0, 0, 0.1), 0 1px 2px -1px rgba(0, 0, 0, 0.1); margin: 0 auto; padding: 0; width: 570px;">
<!-- Body content -->
<tr>
<td class="content-cell" style="box-sizing: border-box; font-family: -apple-system, BlinkMacSystemFont, 'Segoe UI', Roboto, Helvetica, Arial, sans-serif, 'Apple Color Emoji', 'Segoe UI Emoji', 'Segoe UI Symbol'; position: relative; max-width: 100vw; padding: 32px;">
<h1 style="box-sizing: border-box; font-family: -apple-system, BlinkMacSystemFont, 'Segoe UI', Roboto, Helvetica, Arial, sans-serif, 'Apple Color Emoji', 'Segoe UI Emoji', 'Segoe UI Symbol'; position: relative; color: #18181b; font-size: 18px; font-weight: bold; margin-top: 0; text-align: left;">Hello!</h1>
<p style="box-sizing: border-box; font-family: -apple-system, BlinkMacSystemFont, 'Segoe UI', Roboto, Helvetica, Arial, sans-serif, 'Apple Color Emoji', 'Segoe UI Emoji', 'Segoe UI Symbol'; position: relative; font-size: 16px; line-height: 1.5em; margin-top: 0; text-align: left;">Kabar baik, sebuah backup baru dari Armaster (production) sukses dibuat pada disk bernama local.</p>
<p style="box-sizing: border-box; font-family: -apple-system, BlinkMacSystemFont, 'Segoe UI', Roboto, Helvetica, Arial, sans-serif, 'Apple Color Emoji', 'Segoe UI Emoji', 'Segoe UI Symbol'; position: relative; font-size: 16px; line-height: 1.5em; margin-top: 0; text-align: left;">Nama aplikasi: Armaster (production)</p>
<p style="box-sizing: border-box; font-family: -apple-system, BlinkMacSystemFont, 'Segoe UI', Roboto, Helvetica, Arial, sans-serif, 'Apple Color Emoji', 'Segoe UI Emoji', 'Segoe UI Symbol'; position: relative; font-size: 16px; line-height: 1.5em; margin-top: 0; text-align: left;">Nama cadangan: Armaster</p>
<p style="box-sizing: border-box; font-family: -apple-system, BlinkMacSystemFont, 'Segoe UI', Roboto, Helvetica, Arial, sans-serif, 'Apple Color Emoji', 'Segoe UI Emoji', 'Segoe UI Symbol'; position: relative; font-size: 16px; line-height: 1.5em; margin-top: 0; text-align: left;">Disk: local</p>
<p style="box-sizing: border-box; font-family: -apple-system, BlinkMacSystemFont, 'Segoe UI', Roboto, Helvetica, Arial, sans-serif, 'Apple Color Emoji', 'Segoe UI Emoji', 'Segoe UI Symbol'; position: relative; font-size: 16px; line-height: 1.5em; margin-top: 0; text-align: left;">Ukuran cadangan terbaru: 2026/08/24 11:17:06</p>
<p style="box-sizing: border-box; font-family: -apple-system, BlinkMacSystemFont, 'Segoe UI', Roboto, Helvetica, Arial, sans-serif, 'Apple Color Emoji', 'Segoe UI Emoji', 'Segoe UI Symbol'; position: relative; font-size: 16px; line-height: 1.5em; margin-top: 0; text-align: left;">Jumlah cadangan: 3</p>
<p style="box-sizing: border-box; font-family: -apple-system, BlinkMacSystemFont, 'Segoe UI', Roboto, Helvetica, Arial, sans-serif, 'Apple Color Emoji', 'Segoe UI Emoji', 'Segoe UI Symbol'; position: relative; font-size: 16px; line-height: 1.5em; margin-top: 0; text-align: left;">Total penyimpanan yang digunakan: 16.34 MB</p>
<p style="box-sizing: border-box; font-family: -apple-system, BlinkMacSystemFont, 'Segoe UI', Roboto, Helvetica, Arial, sans-serif, 'Apple Color Emoji', 'Segoe UI Emoji', 'Segoe UI Symbol'; position: relative; font-size: 16px; line-height: 1.5em; margin-top: 0; text-align: left;">Ukuran cadangan tertua: 2026/08/24 11:10:14</p>
<p style="box-sizing: border-box; font-family: -apple-system, BlinkMacSystemFont, 'Segoe UI', Roboto, Helvetica, Arial, sans-serif, 'Apple Color Emoji', 'Segoe UI Emoji', 'Segoe UI Symbol'; position: relative; font-size: 16px; line-height: 1.5em; margin-top: 0; text-align: left;">Regards,<br>
Armaster</p>



</td>
</tr>
</table>
</td>
</tr>

<tr>
<td style="box-sizing: border-box; font-family: -apple-system, BlinkMacSystemFont, 'Segoe UI', Roboto, Helvetica, Arial, sans-serif, 'Apple Color Emoji', 'Segoe UI Emoji', 'Segoe UI Symbol'; position: relative;">
<table class="footer" align="center" width="570" cellpadding="0" cellspacing="0" role="presentation" style="box-sizing: border-box; font-family: -apple-system, BlinkMacSystemFont, 'Segoe UI', Roboto, Helvetica, Arial, sans-serif, 'Apple Color Emoji', 'Segoe UI Emoji', 'Segoe UI Symbol'; position: relative; -premailer-cellpadding: 0; -premailer-cellspacing: 0; -premailer-width: 570px; margin: 0 auto; padding: 0; text-align: center; width: 570px;">
<tr>
<td class="content-cell" align="center" style="box-sizing: border-box; font-family: -apple-system, BlinkMacSystemFont, 'Segoe UI', Roboto, Helvetica, Arial, sans-serif, 'Apple Color Emoji', 'Segoe UI Emoji', 'Segoe UI Symbol'; position: relative; max-width: 100vw; padding: 32px;">
<p style="box-sizing: border-box; font-family: -apple-system, BlinkMacSystemFont, 'Segoe UI', Roboto, Helvetica, Arial, sans-serif, 'Apple Color Emoji', 'Segoe UI Emoji', 'Segoe UI Symbol'; position: relative; line-height: 1.5em; margin-top: 0; color: #a1a1aa; font-size: 12px; text-align: center;">© 2026 Armaster. All rights reserved.</p>

</td>
</tr>
</table>
</td>
</tr>
</table>
</td>
</tr>
</table>
</body>
</html>
--u4yYecTe--
  
[2026-08-24 11:17:08] production.INFO: [backup] Backup completed!  
[2026-08-24 11:17:30] production.INFO: [backup] Starting backup...  
[2026-08-24 11:17:30] production.INFO: [backup] Dumping database fazmat...  
[2026-08-24 11:17:31] production.INFO: [backup] Determining files to backup...  
[2026-08-24 11:17:31] production.INFO: [backup] Zipping 1 files and directories...  
[2026-08-24 11:17:32] production.INFO: [backup] Created zip containing 1 files and directories. Size is 553.69 KB  
[2026-08-24 11:17:32] production.INFO: [backup] Copying zip to disk named local...  
[2026-08-24 11:17:32] production.INFO: [backup] Successfully copied zip to disk named local.  
[2026-08-24 11:17:32] production.DEBUG: From: Armaster <hello@example.com>
To: your@example.com
Subject: Backup baru sukses dari Armaster (production)
MIME-Version: 1.0
Date: Mon, 24 Aug 2026 11:17:32 +0000
Message-ID: <85ab0f043bc8893ee3c6f46e80c79bb1@example.com>
Content-Type: multipart/alternative; boundary=i_r-Omzv

--i_r-Omzv
Content-Type: text/plain; charset=utf-8
Content-Transfer-Encoding: quoted-printable

Armaster: https://armaster.net

# Hello!

Kabar baik, sebuah backup baru dari Armaster (production) sukses dibuat pada disk bernama local.

Nama aplikasi: Armaster (production)

Nama cadangan: Armaster

Disk: local

Ukuran cadangan terbaru: 2026/08/24 11:17:30

Jumlah cadangan: 1

Total penyimpanan yang digunakan: 553.69 KB

Ukuran cadangan tertua: 2026/08/24 11:17:30

Regards,
Armaster

© 2026 Armaster. All rights reserved.

--i_r-Omzv
Content-Type: text/html; charset=utf-8
Content-Transfer-Encoding: quoted-printable

<!DOCTYPE html PUBLIC "-//W3C//DTD XHTML 1.0 Transitional//EN" "http://www.w3.org/TR/xhtml1/DTD/xhtml1-transitional.dtd">
<html xmlns="http://www.w3.org/1999/xhtml" lang="id">
<head>
<title>Armaster</title>
<meta name="viewport" content="width=device-width, initial-scale=1.0">
<meta http-equiv="Content-Type" content="text/html; charset=UTF-8">
<meta name="color-scheme" content="light">
<meta name="supported-color-schemes" content="light">
<style>
@media only screen and (max-width: 600px) {
.inner-body {
width: 100% !important;
}

.footer {
width: 100% !important;
}
}

@media only screen and (max-width: 500px) {
.button {
width: 100% !important;
}
}
</style>

</head>
<body style="box-sizing: border-box; font-family: -apple-system, BlinkMacSystemFont, 'Segoe UI', Roboto, Helvetica, Arial, sans-serif, 'Apple Color Emoji', 'Segoe UI Emoji', 'Segoe UI Symbol'; position: relative; -webkit-text-size-adjust: none; background-color: #ffffff; color: #52525b; height: 100%; line-height: 1.4; margin: 0; padding: 0; width: 100% !important;">

<table class="wrapper" width="100%" cellpadding="0" cellspacing="0" role="presentation" style="box-sizing: border-box; font-family: -apple-system, BlinkMacSystemFont, 'Segoe UI', Roboto, Helvetica, Arial, sans-serif, 'Apple Color Emoji', 'Segoe UI Emoji', 'Segoe UI Symbol'; position: relative; -premailer-cellpadding: 0; -premailer-cellspacing: 0; -premailer-width: 100%; background-color: #fafafa; margin: 0; padding: 0; width: 100%;">
<tr>
<td align="center" style="box-sizing: border-box; font-family: -apple-system, BlinkMacSystemFont, 'Segoe UI', Roboto, Helvetica, Arial, sans-serif, 'Apple Color Emoji', 'Segoe UI Emoji', 'Segoe UI Symbol'; position: relative;">
<table class="content" width="100%" cellpadding="0" cellspacing="0" role="presentation" style="box-sizing: border-box; font-family: -apple-system, BlinkMacSystemFont, 'Segoe UI', Roboto, Helvetica, Arial, sans-serif, 'Apple Color Emoji', 'Segoe UI Emoji', 'Segoe UI Symbol'; position: relative; -premailer-cellpadding: 0; -premailer-cellspacing: 0; -premailer-width: 100%; margin: 0; padding: 0; width: 100%;">
<tr>
<td class="header" style="box-sizing: border-box; font-family: -apple-system, BlinkMacSystemFont, 'Segoe UI', Roboto, Helvetica, Arial, sans-serif, 'Apple Color Emoji', 'Segoe UI Emoji', 'Segoe UI Symbol'; position: relative; padding: 25px 0; text-align: center;">
<a href="https://armaster.net" style="box-sizing: border-box; font-family: -apple-system, BlinkMacSystemFont, 'Segoe UI', Roboto, Helvetica, Arial, sans-serif, 'Apple Color Emoji', 'Segoe UI Emoji', 'Segoe UI Symbol'; position: relative; color: #18181b; font-size: 19px; font-weight: bold; text-decoration: none; display: inline-block;">
Armaster
</a>
</td>
</tr>

<!-- Email Body -->
<tr>
<td class="body" width="100%" cellpadding="0" cellspacing="0" style="box-sizing: border-box; font-family: -apple-system, BlinkMacSystemFont, 'Segoe UI', Roboto, Helvetica, Arial, sans-serif, 'Apple Color Emoji', 'Segoe UI Emoji', 'Segoe UI Symbol'; position: relative; -premailer-cellpadding: 0; -premailer-cellspacing: 0; -premailer-width: 100%; background-color: #fafafa; border-bottom: 1px solid #fafafa; border-top: 1px solid #fafafa; margin: 0; padding: 0; width: 100%; border: hidden !important;">
<table class="inner-body" align="center" width="570" cellpadding="0" cellspacing="0" role="presentation" style="box-sizing: border-box; font-family: -apple-system, BlinkMacSystemFont, 'Segoe UI', Roboto, Helvetica, Arial, sans-serif, 'Apple Color Emoji', 'Segoe UI Emoji', 'Segoe UI Symbol'; position: relative; -premailer-cellpadding: 0; -premailer-cellspacing: 0; -premailer-width: 570px; background-color: #ffffff; border-color: #e4e4e7; border-radius: 4px; border-width: 1px; box-shadow: 0 1px 3px 0 rgba(0, 0, 0, 0.1), 0 1px 2px -1px rgba(0, 0, 0, 0.1); margin: 0 auto; padding: 0; width: 570px;">
<!-- Body content -->
<tr>
<td class="content-cell" style="box-sizing: border-box; font-family: -apple-system, BlinkMacSystemFont, 'Segoe UI', Roboto, Helvetica, Arial, sans-serif, 'Apple Color Emoji', 'Segoe UI Emoji', 'Segoe UI Symbol'; position: relative; max-width: 100vw; padding: 32px;">
<h1 style="box-sizing: border-box; font-family: -apple-system, BlinkMacSystemFont, 'Segoe UI', Roboto, Helvetica, Arial, sans-serif, 'Apple Color Emoji', 'Segoe UI Emoji', 'Segoe UI Symbol'; position: relative; color: #18181b; font-size: 18px; font-weight: bold; margin-top: 0; text-align: left;">Hello!</h1>
<p style="box-sizing: border-box; font-family: -apple-system, BlinkMacSystemFont, 'Segoe UI', Roboto, Helvetica, Arial, sans-serif, 'Apple Color Emoji', 'Segoe UI Emoji', 'Segoe UI Symbol'; position: relative; font-size: 16px; line-height: 1.5em; margin-top: 0; text-align: left;">Kabar baik, sebuah backup baru dari Armaster (production) sukses dibuat pada disk bernama local.</p>
<p style="box-sizing: border-box; font-family: -apple-system, BlinkMacSystemFont, 'Segoe UI', Roboto, Helvetica, Arial, sans-serif, 'Apple Color Emoji', 'Segoe UI Emoji', 'Segoe UI Symbol'; position: relative; font-size: 16px; line-height: 1.5em; margin-top: 0; text-align: left;">Nama aplikasi: Armaster (production)</p>
<p style="box-sizing: border-box; font-family: -apple-system, BlinkMacSystemFont, 'Segoe UI', Roboto, Helvetica, Arial, sans-serif, 'Apple Color Emoji', 'Segoe UI Emoji', 'Segoe UI Symbol'; position: relative; font-size: 16px; line-height: 1.5em; margin-top: 0; text-align: left;">Nama cadangan: Armaster</p>
<p style="box-sizing: border-box; font-family: -apple-system, BlinkMacSystemFont, 'Segoe UI', Roboto, Helvetica, Arial, sans-serif, 'Apple Color Emoji', 'Segoe UI Emoji', 'Segoe UI Symbol'; position: relative; font-size: 16px; line-height: 1.5em; margin-top: 0; text-align: left;">Disk: local</p>
<p style="box-sizing: border-box; font-family: -apple-system, BlinkMacSystemFont, 'Segoe UI', Roboto, Helvetica, Arial, sans-serif, 'Apple Color Emoji', 'Segoe UI Emoji', 'Segoe UI Symbol'; position: relative; font-size: 16px; line-height: 1.5em; margin-top: 0; text-align: left;">Ukuran cadangan terbaru: 2026/08/24 11:17:30</p>
<p style="box-sizing: border-box; font-family: -apple-system, BlinkMacSystemFont, 'Segoe UI', Roboto, Helvetica, Arial, sans-serif, 'Apple Color Emoji', 'Segoe UI Emoji', 'Segoe UI Symbol'; position: relative; font-size: 16px; line-height: 1.5em; margin-top: 0; text-align: left;">Jumlah cadangan: 1</p>
<p style="box-sizing: border-box; font-family: -apple-system, BlinkMacSystemFont, 'Segoe UI', Roboto, Helvetica, Arial, sans-serif, 'Apple Color Emoji', 'Segoe UI Emoji', 'Segoe UI Symbol'; position: relative; font-size: 16px; line-height: 1.5em; margin-top: 0; text-align: left;">Total penyimpanan yang digunakan: 553.69 KB</p>
<p style="box-sizing: border-box; font-family: -apple-system, BlinkMacSystemFont, 'Segoe UI', Roboto, Helvetica, Arial, sans-serif, 'Apple Color Emoji', 'Segoe UI Emoji', 'Segoe UI Symbol'; position: relative; font-size: 16px; line-height: 1.5em; margin-top: 0; text-align: left;">Ukuran cadangan tertua: 2026/08/24 11:17:30</p>
<p style="box-sizing: border-box; font-family: -apple-system, BlinkMacSystemFont, 'Segoe UI', Roboto, Helvetica, Arial, sans-serif, 'Apple Color Emoji', 'Segoe UI Emoji', 'Segoe UI Symbol'; position: relative; font-size: 16px; line-height: 1.5em; margin-top: 0; text-align: left;">Regards,<br>
Armaster</p>



</td>
</tr>
</table>
</td>
</tr>

<tr>
<td style="box-sizing: border-box; font-family: -apple-system, BlinkMacSystemFont, 'Segoe UI', Roboto, Helvetica, Arial, sans-serif, 'Apple Color Emoji', 'Segoe UI Emoji', 'Segoe UI Symbol'; position: relative;">
<table class="footer" align="center" width="570" cellpadding="0" cellspacing="0" role="presentation" style="box-sizing: border-box; font-family: -apple-system, BlinkMacSystemFont, 'Segoe UI', Roboto, Helvetica, Arial, sans-serif, 'Apple Color Emoji', 'Segoe UI Emoji', 'Segoe UI Symbol'; position: relative; -premailer-cellpadding: 0; -premailer-cellspacing: 0; -premailer-width: 570px; margin: 0 auto; padding: 0; text-align: center; width: 570px;">
<tr>
<td class="content-cell" align="center" style="box-sizing: border-box; font-family: -apple-system, BlinkMacSystemFont, 'Segoe UI', Roboto, Helvetica, Arial, sans-serif, 'Apple Color Emoji', 'Segoe UI Emoji', 'Segoe UI Symbol'; position: relative; max-width: 100vw; padding: 32px;">
<p style="box-sizing: border-box; font-family: -apple-system, BlinkMacSystemFont, 'Segoe UI', Roboto, Helvetica, Arial, sans-serif, 'Apple Color Emoji', 'Segoe UI Emoji', 'Segoe UI Symbol'; position: relative; line-height: 1.5em; margin-top: 0; color: #a1a1aa; font-size: 12px; text-align: center;">© 2026 Armaster. All rights reserved.</p>

</td>
</tr>
</table>
</td>
</tr>
</table>
</td>
</tr>
</table>
</body>
</html>
--i_r-Omzv--
  
[2026-08-24 11:17:32] production.INFO: [backup] Backup completed!  
[2026-09-07 08:48:38] production.INFO: [backup] Starting backup...  
[2026-09-07 08:48:38] production.INFO: [backup] Dumping database fazmat...  
[2026-09-07 08:48:39] production.INFO: [backup] Determining files to backup...  
[2026-09-07 08:48:41] production.INFO: [backup] Zipping 1507 files and directories...  
[2026-09-07 08:48:50] production.INFO: [backup] Created zip containing 1507 files and directories. Size is 27.67 MB  
[2026-09-07 08:48:50] production.INFO: [backup] Copying zip to disk named local...  
[2026-09-07 08:48:50] production.INFO: [backup] Successfully copied zip to disk named local.  
[2026-09-07 08:48:51] production.DEBUG: From: Armaster <hello@example.com>
To: your@example.com
Subject: Backup baru sukses dari Armaster (production)
MIME-Version: 1.0
Date: Mon, 07 Sep 2026 08:48:51 +0000
Message-ID: <cc4ad661672f44997b49b608bfbc4d5e@example.com>
Content-Type: multipart/alternative; boundary=j0Y9aj7v

--j0Y9aj7v
Content-Type: text/plain; charset=utf-8
Content-Transfer-Encoding: quoted-printable

Armaster: https://armaster.net

# Hello!

Kabar baik, sebuah backup baru dari Armaster (production) sukses dibuat pada disk bernama local.

Nama aplikasi: Armaster (production)

Nama cadangan: Armaster

Disk: local

Ukuran cadangan terbaru: 2026/09/07 08:48:38

Jumlah cadangan: 2

Total penyimpanan yang digunakan: 28.21 MB

Ukuran cadangan tertua: 2026/08/24 11:17:30

Regards,
Armaster

© 2026 Armaster. All rights reserved.

--j0Y9aj7v
Content-Type: text/html; charset=utf-8
Content-Transfer-Encoding: quoted-printable

<!DOCTYPE html PUBLIC "-//W3C//DTD XHTML 1.0 Transitional//EN" "http://www.w3.org/TR/xhtml1/DTD/xhtml1-transitional.dtd">
<html xmlns="http://www.w3.org/1999/xhtml" lang="id">
<head>
<title>Armaster</title>
<meta name="viewport" content="width=device-width, initial-scale=1.0">
<meta http-equiv="Content-Type" content="text/html; charset=UTF-8">
<meta name="color-scheme" content="light">
<meta name="supported-color-schemes" content="light">
<style>
@media only screen and (max-width: 600px) {
.inner-body {
width: 100% !important;
}

.footer {
width: 100% !important;
}
}

@media only screen and (max-width: 500px) {
.button {
width: 100% !important;
}
}
</style>

</head>
<body style="box-sizing: border-box; font-family: -apple-system, BlinkMacSystemFont, 'Segoe UI', Roboto, Helvetica, Arial, sans-serif, 'Apple Color Emoji', 'Segoe UI Emoji', 'Segoe UI Symbol'; position: relative; -webkit-text-size-adjust: none; background-color: #ffffff; color: #52525b; height: 100%; line-height: 1.4; margin: 0; padding: 0; width: 100% !important;">

<table class="wrapper" width="100%" cellpadding="0" cellspacing="0" role="presentation" style="box-sizing: border-box; font-family: -apple-system, BlinkMacSystemFont, 'Segoe UI', Roboto, Helvetica, Arial, sans-serif, 'Apple Color Emoji', 'Segoe UI Emoji', 'Segoe UI Symbol'; position: relative; -premailer-cellpadding: 0; -premailer-cellspacing: 0; -premailer-width: 100%; background-color: #fafafa; margin: 0; padding: 0; width: 100%;">
<tr>
<td align="center" style="box-sizing: border-box; font-family: -apple-system, BlinkMacSystemFont, 'Segoe UI', Roboto, Helvetica, Arial, sans-serif, 'Apple Color Emoji', 'Segoe UI Emoji', 'Segoe UI Symbol'; position: relative;">
<table class="content" width="100%" cellpadding="0" cellspacing="0" role="presentation" style="box-sizing: border-box; font-family: -apple-system, BlinkMacSystemFont, 'Segoe UI', Roboto, Helvetica, Arial, sans-serif, 'Apple Color Emoji', 'Segoe UI Emoji', 'Segoe UI Symbol'; position: relative; -premailer-cellpadding: 0; -premailer-cellspacing: 0; -premailer-width: 100%; margin: 0; padding: 0; width: 100%;">
<tr>
<td class="header" style="box-sizing: border-box; font-family: -apple-system, BlinkMacSystemFont, 'Segoe UI', Roboto, Helvetica, Arial, sans-serif, 'Apple Color Emoji', 'Segoe UI Emoji', 'Segoe UI Symbol'; position: relative; padding: 25px 0; text-align: center;">
<a href="https://armaster.net" style="box-sizing: border-box; font-family: -apple-system, BlinkMacSystemFont, 'Segoe UI', Roboto, Helvetica, Arial, sans-serif, 'Apple Color Emoji', 'Segoe UI Emoji', 'Segoe UI Symbol'; position: relative; color: #18181b; font-size: 19px; font-weight: bold; text-decoration: none; display: inline-block;">
Armaster
</a>
</td>
</tr>

<!-- Email Body -->
<tr>
<td class="body" width="100%" cellpadding="0" cellspacing="0" style="box-sizing: border-box; font-family: -apple-system, BlinkMacSystemFont, 'Segoe UI', Roboto, Helvetica, Arial, sans-serif, 'Apple Color Emoji', 'Segoe UI Emoji', 'Segoe UI Symbol'; position: relative; -premailer-cellpadding: 0; -premailer-cellspacing: 0; -premailer-width: 100%; background-color: #fafafa; border-bottom: 1px solid #fafafa; border-top: 1px solid #fafafa; margin: 0; padding: 0; width: 100%; border: hidden !important;">
<table class="inner-body" align="center" width="570" cellpadding="0" cellspacing="0" role="presentation" style="box-sizing: border-box; font-family: -apple-system, BlinkMacSystemFont, 'Segoe UI', Roboto, Helvetica, Arial, sans-serif, 'Apple Color Emoji', 'Segoe UI Emoji', 'Segoe UI Symbol'; position: relative; -premailer-cellpadding: 0; -premailer-cellspacing: 0; -premailer-width: 570px; background-color: #ffffff; border-color: #e4e4e7; border-radius: 4px; border-width: 1px; box-shadow: 0 1px 3px 0 rgba(0, 0, 0, 0.1), 0 1px 2px -1px rgba(0, 0, 0, 0.1); margin: 0 auto; padding: 0; width: 570px;">
<!-- Body content -->
<tr>
<td class="content-cell" style="box-sizing: border-box; font-family: -apple-system, BlinkMacSystemFont, 'Segoe UI', Roboto, Helvetica, Arial, sans-serif, 'Apple Color Emoji', 'Segoe UI Emoji', 'Segoe UI Symbol'; position: relative; max-width: 100vw; padding: 32px;">
<h1 style="box-sizing: border-box; font-family: -apple-system, BlinkMacSystemFont, 'Segoe UI', Roboto, Helvetica, Arial, sans-serif, 'Apple Color Emoji', 'Segoe UI Emoji', 'Segoe UI Symbol'; position: relative; color: #18181b; font-size: 18px; font-weight: bold; margin-top: 0; text-align: left;">Hello!</h1>
<p style="box-sizing: border-box; font-family: -apple-system, BlinkMacSystemFont, 'Segoe UI', Roboto, Helvetica, Arial, sans-serif, 'Apple Color Emoji', 'Segoe UI Emoji', 'Segoe UI Symbol'; position: relative; font-size: 16px; line-height: 1.5em; margin-top: 0; text-align: left;">Kabar baik, sebuah backup baru dari Armaster (production) sukses dibuat pada disk bernama local.</p>
<p style="box-sizing: border-box; font-family: -apple-system, BlinkMacSystemFont, 'Segoe UI', Roboto, Helvetica, Arial, sans-serif, 'Apple Color Emoji', 'Segoe UI Emoji', 'Segoe UI Symbol'; position: relative; font-size: 16px; line-height: 1.5em; margin-top: 0; text-align: left;">Nama aplikasi: Armaster (production)</p>
<p style="box-sizing: border-box; font-family: -apple-system, BlinkMacSystemFont, 'Segoe UI', Roboto, Helvetica, Arial, sans-serif, 'Apple Color Emoji', 'Segoe UI Emoji', 'Segoe UI Symbol'; position: relative; font-size: 16px; line-height: 1.5em; margin-top: 0; text-align: left;">Nama cadangan: Armaster</p>
<p style="box-sizing: border-box; font-family: -apple-system, BlinkMacSystemFont, 'Segoe UI', Roboto, Helvetica, Arial, sans-serif, 'Apple Color Emoji', 'Segoe UI Emoji', 'Segoe UI Symbol'; position: relative; font-size: 16px; line-height: 1.5em; margin-top: 0; text-align: left;">Disk: local</p>
<p style="box-sizing: border-box; font-family: -apple-system, BlinkMacSystemFont, 'Segoe UI', Roboto, Helvetica, Arial, sans-serif, 'Apple Color Emoji', 'Segoe UI Emoji', 'Segoe UI Symbol'; position: relative; font-size: 16px; line-height: 1.5em; margin-top: 0; text-align: left;">Ukuran cadangan terbaru: 2026/09/07 08:48:38</p>
<p style="box-sizing: border-box; font-family: -apple-system, BlinkMacSystemFont, 'Segoe UI', Roboto, Helvetica, Arial, sans-serif, 'Apple Color Emoji', 'Segoe UI Emoji', 'Segoe UI Symbol'; position: relative; font-size: 16px; line-height: 1.5em; margin-top: 0; text-align: left;">Jumlah cadangan: 2</p>
<p style="box-sizing: border-box; font-family: -apple-system, BlinkMacSystemFont, 'Segoe UI', Roboto, Helvetica, Arial, sans-serif, 'Apple Color Emoji', 'Segoe UI Emoji', 'Segoe UI Symbol'; position: relative; font-size: 16px; line-height: 1.5em; margin-top: 0; text-align: left;">Total penyimpanan yang digunakan: 28.21 MB</p>
<p style="box-sizing: border-box; font-family: -apple-system, BlinkMacSystemFont, 'Segoe UI', Roboto, Helvetica, Arial, sans-serif, 'Apple Color Emoji', 'Segoe UI Emoji', 'Segoe UI Symbol'; position: relative; font-size: 16px; line-height: 1.5em; margin-top: 0; text-align: left;">Ukuran cadangan tertua: 2026/08/24 11:17:30</p>
<p style="box-sizing: border-box; font-family: -apple-system, BlinkMacSystemFont, 'Segoe UI', Roboto, Helvetica, Arial, sans-serif, 'Apple Color Emoji', 'Segoe UI Emoji', 'Segoe UI Symbol'; position: relative; font-size: 16px; line-height: 1.5em; margin-top: 0; text-align: left;">Regards,<br>
Armaster</p>



</td>
</tr>
</table>
</td>
</tr>

<tr>
<td style="box-sizing: border-box; font-family: -apple-system, BlinkMacSystemFont, 'Segoe UI', Roboto, Helvetica, Arial, sans-serif, 'Apple Color Emoji', 'Segoe UI Emoji', 'Segoe UI Symbol'; position: relative;">
<table class="footer" align="center" width="570" cellpadding="0" cellspacing="0" role="presentation" style="box-sizing: border-box; font-family: -apple-system, BlinkMacSystemFont, 'Segoe UI', Roboto, Helvetica, Arial, sans-serif, 'Apple Color Emoji', 'Segoe UI Emoji', 'Segoe UI Symbol'; position: relative; -premailer-cellpadding: 0; -premailer-cellspacing: 0; -premailer-width: 570px; margin: 0 auto; padding: 0; text-align: center; width: 570px;">
<tr>
<td class="content-cell" align="center" style="box-sizing: border-box; font-family: -apple-system, BlinkMacSystemFont, 'Segoe UI', Roboto, Helvetica, Arial, sans-serif, 'Apple Color Emoji', 'Segoe UI Emoji', 'Segoe UI Symbol'; position: relative; max-width: 100vw; padding: 32px;">
<p style="box-sizing: border-box; font-family: -apple-system, BlinkMacSystemFont, 'Segoe UI', Roboto, Helvetica, Arial, sans-serif, 'Apple Color Emoji', 'Segoe UI Emoji', 'Segoe UI Symbol'; position: relative; line-height: 1.5em; margin-top: 0; color: #a1a1aa; font-size: 12px; text-align: center;">© 2026 Armaster. All rights reserved.</p>

</td>
</tr>
</table>
</td>
</tr>
</table>
</td>
</tr>
</table>
</body>
</html>
--j0Y9aj7v--
  
[2026-09-07 08:48:51] production.INFO: [backup] Backup completed!  
[2026-09-07 08:51:58] production.INFO: [backup] Starting backup...  
[2026-09-07 08:51:58] production.INFO: [backup] Dumping database fazmat...  
[2026-09-07 08:51:58] production.INFO: [backup] Determining files to backup...  
[2026-09-07 08:51:58] production.INFO: [backup] Zipping 1 files and directories...  
[2026-09-07 08:51:59] production.INFO: [backup] Created zip containing 1 files and directories. Size is 613.89 KB  
[2026-09-07 08:51:59] production.INFO: [backup] Copying zip to disk named local...  
[2026-09-07 08:51:59] production.INFO: [backup] Successfully copied zip to disk named local.  
[2026-09-07 08:51:59] production.DEBUG: From: Armaster <hello@example.com>
To: your@example.com
Subject: Backup baru sukses dari Armaster (production)
MIME-Version: 1.0
Date: Mon, 07 Sep 2026 08:51:59 +0000
Message-ID: <b31b0d0f1f187fdfdf0d79e556ea5e6c@example.com>
Content-Type: multipart/alternative; boundary=wrS6seu7

--wrS6seu7
Content-Type: text/plain; charset=utf-8
Content-Transfer-Encoding: quoted-printable

Armaster: https://armaster.net

# Hello!

Kabar baik, sebuah backup baru dari Armaster (production) sukses dibuat pada disk bernama local.

Nama aplikasi: Armaster (production)

Nama cadangan: Armaster

Disk: local

Ukuran cadangan terbaru: 2026/09/07 08:51:58

Jumlah cadangan: 3

Total penyimpanan yang digunakan: 28.81 MB

Ukuran cadangan tertua: 2026/08/24 11:17:30

Regards,
Armaster

© 2026 Armaster. All rights reserved.

--wrS6seu7
Content-Type: text/html; charset=utf-8
Content-Transfer-Encoding: quoted-printable

<!DOCTYPE html PUBLIC "-//W3C//DTD XHTML 1.0 Transitional//EN" "http://www.w3.org/TR/xhtml1/DTD/xhtml1-transitional.dtd">
<html xmlns="http://www.w3.org/1999/xhtml" lang="id">
<head>
<title>Armaster</title>
<meta name="viewport" content="width=device-width, initial-scale=1.0">
<meta http-equiv="Content-Type" content="text/html; charset=UTF-8">
<meta name="color-scheme" content="light">
<meta name="supported-color-schemes" content="light">
<style>
@media only screen and (max-width: 600px) {
.inner-body {
width: 100% !important;
}

.footer {
width: 100% !important;
}
}

@media only screen and (max-width: 500px) {
.button {
width: 100% !important;
}
}
</style>

</head>
<body style="box-sizing: border-box; font-family: -apple-system, BlinkMacSystemFont, 'Segoe UI', Roboto, Helvetica, Arial, sans-serif, 'Apple Color Emoji', 'Segoe UI Emoji', 'Segoe UI Symbol'; position: relative; -webkit-text-size-adjust: none; background-color: #ffffff; color: #52525b; height: 100%; line-height: 1.4; margin: 0; padding: 0; width: 100% !important;">

<table class="wrapper" width="100%" cellpadding="0" cellspacing="0" role="presentation" style="box-sizing: border-box; font-family: -apple-system, BlinkMacSystemFont, 'Segoe UI', Roboto, Helvetica, Arial, sans-serif, 'Apple Color Emoji', 'Segoe UI Emoji', 'Segoe UI Symbol'; position: relative; -premailer-cellpadding: 0; -premailer-cellspacing: 0; -premailer-width: 100%; background-color: #fafafa; margin: 0; padding: 0; width: 100%;">
<tr>
<td align="center" style="box-sizing: border-box; font-family: -apple-system, BlinkMacSystemFont, 'Segoe UI', Roboto, Helvetica, Arial, sans-serif, 'Apple Color Emoji', 'Segoe UI Emoji', 'Segoe UI Symbol'; position: relative;">
<table class="content" width="100%" cellpadding="0" cellspacing="0" role="presentation" style="box-sizing: border-box; font-family: -apple-system, BlinkMacSystemFont, 'Segoe UI', Roboto, Helvetica, Arial, sans-serif, 'Apple Color Emoji', 'Segoe UI Emoji', 'Segoe UI Symbol'; position: relative; -premailer-cellpadding: 0; -premailer-cellspacing: 0; -premailer-width: 100%; margin: 0; padding: 0; width: 100%;">
<tr>
<td class="header" style="box-sizing: border-box; font-family: -apple-system, BlinkMacSystemFont, 'Segoe UI', Roboto, Helvetica, Arial, sans-serif, 'Apple Color Emoji', 'Segoe UI Emoji', 'Segoe UI Symbol'; position: relative; padding: 25px 0; text-align: center;">
<a href="https://armaster.net" style="box-sizing: border-box; font-family: -apple-system, BlinkMacSystemFont, 'Segoe UI', Roboto, Helvetica, Arial, sans-serif, 'Apple Color Emoji', 'Segoe UI Emoji', 'Segoe UI Symbol'; position: relative; color: #18181b; font-size: 19px; font-weight: bold; text-decoration: none; display: inline-block;">
Armaster
</a>
</td>
</tr>

<!-- Email Body -->
<tr>
<td class="body" width="100%" cellpadding="0" cellspacing="0" style="box-sizing: border-box; font-family: -apple-system, BlinkMacSystemFont, 'Segoe UI', Roboto, Helvetica, Arial, sans-serif, 'Apple Color Emoji', 'Segoe UI Emoji', 'Segoe UI Symbol'; position: relative; -premailer-cellpadding: 0; -premailer-cellspacing: 0; -premailer-width: 100%; background-color: #fafafa; border-bottom: 1px solid #fafafa; border-top: 1px solid #fafafa; margin: 0; padding: 0; width: 100%; border: hidden !important;">
<table class="inner-body" align="center" width="570" cellpadding="0" cellspacing="0" role="presentation" style="box-sizing: border-box; font-family: -apple-system, BlinkMacSystemFont, 'Segoe UI', Roboto, Helvetica, Arial, sans-serif, 'Apple Color Emoji', 'Segoe UI Emoji', 'Segoe UI Symbol'; position: relative; -premailer-cellpadding: 0; -premailer-cellspacing: 0; -premailer-width: 570px; background-color: #ffffff; border-color: #e4e4e7; border-radius: 4px; border-width: 1px; box-shadow: 0 1px 3px 0 rgba(0, 0, 0, 0.1), 0 1px 2px -1px rgba(0, 0, 0, 0.1); margin: 0 auto; padding: 0; width: 570px;">
<!-- Body content -->
<tr>
<td class="content-cell" style="box-sizing: border-box; font-family: -apple-system, BlinkMacSystemFont, 'Segoe UI', Roboto, Helvetica, Arial, sans-serif, 'Apple Color Emoji', 'Segoe UI Emoji', 'Segoe UI Symbol'; position: relative; max-width: 100vw; padding: 32px;">
<h1 style="box-sizing: border-box; font-family: -apple-system, BlinkMacSystemFont, 'Segoe UI', Roboto, Helvetica, Arial, sans-serif, 'Apple Color Emoji', 'Segoe UI Emoji', 'Segoe UI Symbol'; position: relative; color: #18181b; font-size: 18px; font-weight: bold; margin-top: 0; text-align: left;">Hello!</h1>
<p style="box-sizing: border-box; font-family: -apple-system, BlinkMacSystemFont, 'Segoe UI', Roboto, Helvetica, Arial, sans-serif, 'Apple Color Emoji', 'Segoe UI Emoji', 'Segoe UI Symbol'; position: relative; font-size: 16px; line-height: 1.5em; margin-top: 0; text-align: left;">Kabar baik, sebuah backup baru dari Armaster (production) sukses dibuat pada disk bernama local.</p>
<p style="box-sizing: border-box; font-family: -apple-system, BlinkMacSystemFont, 'Segoe UI', Roboto, Helvetica, Arial, sans-serif, 'Apple Color Emoji', 'Segoe UI Emoji', 'Segoe UI Symbol'; position: relative; font-size: 16px; line-height: 1.5em; margin-top: 0; text-align: left;">Nama aplikasi: Armaster (production)</p>
<p style="box-sizing: border-box; font-family: -apple-system, BlinkMacSystemFont, 'Segoe UI', Roboto, Helvetica, Arial, sans-serif, 'Apple Color Emoji', 'Segoe UI Emoji', 'Segoe UI Symbol'; position: relative; font-size: 16px; line-height: 1.5em; margin-top: 0; text-align: left;">Nama cadangan: Armaster</p>
<p style="box-sizing: border-box; font-family: -apple-system, BlinkMacSystemFont, 'Segoe UI', Roboto, Helvetica, Arial, sans-serif, 'Apple Color Emoji', 'Segoe UI Emoji', 'Segoe UI Symbol'; position: relative; font-size: 16px; line-height: 1.5em; margin-top: 0; text-align: left;">Disk: local</p>
<p style="box-sizing: border-box; font-family: -apple-system, BlinkMacSystemFont, 'Segoe UI', Roboto, Helvetica, Arial, sans-serif, 'Apple Color Emoji', 'Segoe UI Emoji', 'Segoe UI Symbol'; position: relative; font-size: 16px; line-height: 1.5em; margin-top: 0; text-align: left;">Ukuran cadangan terbaru: 2026/09/07 08:51:58</p>
<p style="box-sizing: border-box; font-family: -apple-system, BlinkMacSystemFont, 'Segoe UI', Roboto, Helvetica, Arial, sans-serif, 'Apple Color Emoji', 'Segoe UI Emoji', 'Segoe UI Symbol'; position: relative; font-size: 16px; line-height: 1.5em; margin-top: 0; text-align: left;">Jumlah cadangan: 3</p>
<p style="box-sizing: border-box; font-family: -apple-system, BlinkMacSystemFont, 'Segoe UI', Roboto, Helvetica, Arial, sans-serif, 'Apple Color Emoji', 'Segoe UI Emoji', 'Segoe UI Symbol'; position: relative; font-size: 16px; line-height: 1.5em; margin-top: 0; text-align: left;">Total penyimpanan yang digunakan: 28.81 MB</p>
<p style="box-sizing: border-box; font-family: -apple-system, BlinkMacSystemFont, 'Segoe UI', Roboto, Helvetica, Arial, sans-serif, 'Apple Color Emoji', 'Segoe UI Emoji', 'Segoe UI Symbol'; position: relative; font-size: 16px; line-height: 1.5em; margin-top: 0; text-align: left;">Ukuran cadangan tertua: 2026/08/24 11:17:30</p>
<p style="box-sizing: border-box; font-family: -apple-system, BlinkMacSystemFont, 'Segoe UI', Roboto, Helvetica, Arial, sans-serif, 'Apple Color Emoji', 'Segoe UI Emoji', 'Segoe UI Symbol'; position: relative; font-size: 16px; line-height: 1.5em; margin-top: 0; text-align: left;">Regards,<br>
Armaster</p>



</td>
</tr>
</table>
</td>
</tr>

<tr>
<td style="box-sizing: border-box; font-family: -apple-system, BlinkMacSystemFont, 'Segoe UI', Roboto, Helvetica, Arial, sans-serif, 'Apple Color Emoji', 'Segoe UI Emoji', 'Segoe UI Symbol'; position: relative;">
<table class="footer" align="center" width="570" cellpadding="0" cellspacing="0" role="presentation" style="box-sizing: border-box; font-family: -apple-system, BlinkMacSystemFont, 'Segoe UI', Roboto, Helvetica, Arial, sans-serif, 'Apple Color Emoji', 'Segoe UI Emoji', 'Segoe UI Symbol'; position: relative; -premailer-cellpadding: 0; -premailer-cellspacing: 0; -premailer-width: 570px; margin: 0 auto; padding: 0; text-align: center; width: 570px;">
<tr>
<td class="content-cell" align="center" style="box-sizing: border-box; font-family: -apple-system, BlinkMacSystemFont, 'Segoe UI', Roboto, Helvetica, Arial, sans-serif, 'Apple Color Emoji', 'Segoe UI Emoji', 'Segoe UI Symbol'; position: relative; max-width: 100vw; padding: 32px;">
<p style="box-sizing: border-box; font-family: -apple-system, BlinkMacSystemFont, 'Segoe UI', Roboto, Helvetica, Arial, sans-serif, 'Apple Color Emoji', 'Segoe UI Emoji', 'Segoe UI Symbol'; position: relative; line-height: 1.5em; margin-top: 0; color: #a1a1aa; font-size: 12px; text-align: center;">© 2026 Armaster. All rights reserved.</p>

</td>
</tr>
</table>
</td>
</tr>
</table>
</td>
</tr>
</table>
</body>
</html>
--wrS6seu7--
  
[2026-09-07 08:51:59] production.INFO: [backup] Backup completed!  
[2026-09-07 08:52:48] production.ERROR: Target class [Database\Seeders\UjiCobaFullSeeder] does not exist. {"exception":"[object] (Illuminate\\Contracts\\Container\\BindingResolutionException(code: 0): Target class [Database\\Seeders\\UjiCobaFullSeeder] does not exist. at /var/www/html/armaster/vendor/laravel/framework/src/Illuminate/Container/Container.php:1124)
[stacktrace]
#0 /var/www/html/armaster/vendor/laravel/framework/src/Illuminate/Container/Container.php(933): Illuminate\\Container\\Container->build()
#1 /var/www/html/armaster/vendor/laravel/framework/src/Illuminate/Foundation/Application.php(1078): Illuminate\\Container\\Container->resolve()
#2 /var/www/html/armaster/vendor/laravel/framework/src/Illuminate/Container/Container.php(864): Illuminate\\Foundation\\Application->resolve()
#3 /var/www/html/armaster/vendor/laravel/framework/src/Illuminate/Foundation/Application.php(1058): Illuminate\\Container\\Container->make()
#4 /var/www/html/armaster/vendor/laravel/framework/src/Illuminate/Database/Console/Seeds/SeedCommand.php(99): Illuminate\\Foundation\\Application->make()
#5 /var/www/html/armaster/vendor/laravel/framework/src/Illuminate/Database/Console/Seeds/SeedCommand.php(71): Illuminate\\Database\\Console\\Seeds\\SeedCommand->getSeeder()
#6 /var/www/html/armaster/vendor/laravel/framework/src/Illuminate/Database/Eloquent/Concerns/GuardsAttributes.php(157): Illuminate\\Database\\Console\\Seeds\\SeedCommand->Illuminate\\Database\\Console\\Seeds\\{closure}()
#7 /var/www/html/armaster/vendor/laravel/framework/src/Illuminate/Database/Console/Seeds/SeedCommand.php(70): Illuminate\\Database\\Eloquent\\Model::unguarded()
#8 /var/www/html/armaster/vendor/laravel/framework/src/Illuminate/Container/BoundMethod.php(36): Illuminate\\Database\\Console\\Seeds\\SeedCommand->handle()
#9 /var/www/html/armaster/vendor/laravel/framework/src/Illuminate/Container/Util.php(43): Illuminate\\Container\\BoundMethod::Illuminate\\Container\\{closure}()
#10 /var/www/html/armaster/vendor/laravel/framework/src/Illuminate/Container/BoundMethod.php(96): Illuminate\\Container\\Util::unwrapIfClosure()
#11 /var/www/html/armaster/vendor/laravel/framework/src/Illuminate/Container/BoundMethod.php(35): Illuminate\\Container\\BoundMethod::callBoundMethod()
#12 /var/www/html/armaster/vendor/laravel/framework/src/Illuminate/Container/Container.php(799): Illuminate\\Container\\BoundMethod::call()
#13 /var/www/html/armaster/vendor/laravel/framework/src/Illuminate/Console/Command.php(211): Illuminate\\Container\\Container->call()
#14 /var/www/html/armaster/vendor/symfony/console/Command/Command.php(341): Illuminate\\Console\\Command->execute()
#15 /var/www/html/armaster/vendor/laravel/framework/src/Illuminate/Console/Command.php(180): Symfony\\Component\\Console\\Command\\Command->run()
#16 /var/www/html/armaster/vendor/symfony/console/Application.php(1102): Illuminate\\Console\\Command->run()
#17 /var/www/html/armaster/vendor/symfony/console/Application.php(356): Symfony\\Component\\Console\\Application->doRunCommand()
#18 /var/www/html/armaster/vendor/symfony/console/Application.php(195): Symfony\\Component\\Console\\Application->doRun()
#19 /var/www/html/armaster/vendor/laravel/framework/src/Illuminate/Foundation/Console/Kernel.php(198): Symfony\\Component\\Console\\Application->run()
#20 /var/www/html/armaster/vendor/laravel/framework/src/Illuminate/Foundation/Application.php(1235): Illuminate\\Foundation\\Console\\Kernel->handle()
#21 /var/www/html/armaster/artisan(16): Illuminate\\Foundation\\Application->handleCommand()
#22 {main}

[previous exception] [object] (ReflectionException(code: -1): Class \"Database\\Seeders\\UjiCobaFullSeeder\" does not exist at /var/www/html/armaster/vendor/laravel/framework/src/Illuminate/Container/Container.php:1122)
[stacktrace]
#0 /var/www/html/armaster/vendor/laravel/framework/src/Illuminate/Container/Container.php(1122): ReflectionClass->__construct()
#1 /var/www/html/armaster/vendor/laravel/framework/src/Illuminate/Container/Container.php(933): Illuminate\\Container\\Container->build()
#2 /var/www/html/armaster/vendor/laravel/framework/src/Illuminate/Foundation/Application.php(1078): Illuminate\\Container\\Container->resolve()
#3 /var/www/html/armaster/vendor/laravel/framework/src/Illuminate/Container/Container.php(864): Illuminate\\Foundation\\Application->resolve()
#4 /var/www/html/armaster/vendor/laravel/framework/src/Illuminate/Foundation/Application.php(1058): Illuminate\\Container\\Container->make()
#5 /var/www/html/armaster/vendor/laravel/framework/src/Illuminate/Database/Console/Seeds/SeedCommand.php(99): Illuminate\\Foundation\\Application->make()
#6 /var/www/html/armaster/vendor/laravel/framework/src/Illuminate/Database/Console/Seeds/SeedCommand.php(71): Illuminate\\Database\\Console\\Seeds\\SeedCommand->getSeeder()
#7 /var/www/html/armaster/vendor/laravel/framework/src/Illuminate/Database/Eloquent/Concerns/GuardsAttributes.php(157): Illuminate\\Database\\Console\\Seeds\\SeedCommand->Illuminate\\Database\\Console\\Seeds\\{closure}()
#8 /var/www/html/armaster/vendor/laravel/framework/src/Illuminate/Database/Console/Seeds/SeedCommand.php(70): Illuminate\\Database\\Eloquent\\Model::unguarded()
#9 /var/www/html/armaster/vendor/laravel/framework/src/Illuminate/Container/BoundMethod.php(36): Illuminate\\Database\\Console\\Seeds\\SeedCommand->handle()
#10 /var/www/html/armaster/vendor/laravel/framework/src/Illuminate/Container/Util.php(43): Illuminate\\Container\\BoundMethod::Illuminate\\Container\\{closure}()
#11 /var/www/html/armaster/vendor/laravel/framework/src/Illuminate/Container/BoundMethod.php(96): Illuminate\\Container\\Util::unwrapIfClosure()
#12 /var/www/html/armaster/vendor/laravel/framework/src/Illuminate/Container/BoundMethod.php(35): Illuminate\\Container\\BoundMethod::callBoundMethod()
#13 /var/www/html/armaster/vendor/laravel/framework/src/Illuminate/Container/Container.php(799): Illuminate\\Container\\BoundMethod::call()
#14 /var/www/html/armaster/vendor/laravel/framework/src/Illuminate/Console/Command.php(211): Illuminate\\Container\\Container->call()
#15 /var/www/html/armaster/vendor/symfony/console/Command/Command.php(341): Illuminate\\Console\\Command->execute()
#16 /var/www/html/armaster/vendor/laravel/framework/src/Illuminate/Console/Command.php(180): Symfony\\Component\\Console\\Command\\Command->run()
#17 /var/www/html/armaster/vendor/symfony/console/Application.php(1102): Illuminate\\Console\\Command->run()
#18 /var/www/html/armaster/vendor/symfony/console/Application.php(356): Symfony\\Component\\Console\\Application->doRunCommand()
#19 /var/www/html/armaster/vendor/symfony/console/Application.php(195): Symfony\\Component\\Console\\Application->doRun()
#20 /var/www/html/armaster/vendor/laravel/framework/src/Illuminate/Foundation/Console/Kernel.php(198): Symfony\\Component\\Console\\Application->run()
#21 /var/www/html/armaster/vendor/laravel/framework/src/Illuminate/Foundation/Application.php(1235): Illuminate\\Foundation\\Console\\Kernel->handle()
#22 /var/www/html/armaster/artisan(16): Illuminate\\Foundation\\Application->handleCommand()
#23 {main}
"} 
[2026-09-07 08:53:34] production.ERROR: SQLSTATE[23505]: Unique violation: 7 ERROR:  duplicate key value violates unique constraint "users_email_unique"
DETAIL:  Key (email)=(polda-jatim@sbst.test) already exists. (Connection: pgsql, Host: 127.0.0.1, Port: 5432, Database: fazmat, SQL: insert into "users" ("email", "name", "password", "regional_police_id", "police_station_id", "user_type_id", "level_menu", "id", "updated_at", "created_at") values (polda-jatim@sbst.test, Polda Jatim, $2y$12$IJK75IwdBQYV2obUv6DFzu9Qm4hEadeTjoaH2.Yeck6qfizr.voSe, 019d2885-c3a1-72a4-abd9-61fd5bb5485a, ?, ?, 1, 01a07b12-a3e1-7284-9a03-36b6b011d46c, 2026-09-07 08:53:34, 2026-09-07 08:53:34)) {"exception":"[object] (Illuminate\\Database\\UniqueConstraintViolationException(code: 23505): SQLSTATE[23505]: Unique violation: 7 ERROR:  duplicate key value violates unique constraint \"users_email_unique\"
DETAIL:  Key (email)=(polda-jatim@sbst.test) already exists. (Connection: pgsql, Host: 127.0.0.1, Port: 5432, Database: fazmat, SQL: insert into \"users\" (\"email\", \"name\", \"password\", \"regional_police_id\", \"police_station_id\", \"user_type_id\", \"level_menu\", \"id\", \"updated_at\", \"created_at\") values (polda-jatim@sbst.test, Polda Jatim, $2y$12$IJK75IwdBQYV2obUv6DFzu9Qm4hEadeTjoaH2.Yeck6qfizr.voSe, 019d2885-c3a1-72a4-abd9-61fd5bb5485a, ?, ?, 1, 01a07b12-a3e1-7284-9a03-36b6b011d46c, 2026-09-07 08:53:34, 2026-09-07 08:53:34)) at /var/www/html/armaster/vendor/laravel/framework/src/Illuminate/Database/Connection.php:838)
[stacktrace]
#0 /var/www/html/armaster/vendor/laravel/framework/src/Illuminate/Database/Connection.php(794): Illuminate\\Database\\Connection->runQueryCallback()
#1 /var/www/html/armaster/vendor/laravel/framework/src/Illuminate/Database/Connection.php(573): Illuminate\\Database\\Connection->run()
#2 /var/www/html/armaster/vendor/laravel/framework/src/Illuminate/Database/Connection.php(537): Illuminate\\Database\\Connection->statement()
#3 /var/www/html/armaster/vendor/laravel/framework/src/Illuminate/Database/Query/Builder.php(4005): Illuminate\\Database\\Connection->insert()
#4 /var/www/html/armaster/vendor/laravel/framework/src/Illuminate/Database/Eloquent/Builder.php(2235): Illuminate\\Database\\Query\\Builder->insert()
#5 /var/www/html/armaster/vendor/laravel/framework/src/Illuminate/Database/Eloquent/Model.php(1412): Illuminate\\Database\\Eloquent\\Builder->__call()
#6 /var/www/html/armaster/vendor/laravel/framework/src/Illuminate/Database/Eloquent/Model.php(1240): Illuminate\\Database\\Eloquent\\Model->performInsert()
#7 /var/www/html/armaster/vendor/laravel/framework/src/Illuminate/Database/Eloquent/Builder.php(1219): Illuminate\\Database\\Eloquent\\Model->save()
#8 /var/www/html/armaster/vendor/laravel/framework/src/Illuminate/Support/helpers.php(388): Illuminate\\Database\\Eloquent\\Builder->Illuminate\\Database\\Eloquent\\{closure}()
#9 /var/www/html/armaster/vendor/laravel/framework/src/Illuminate/Database/Eloquent/Builder.php(1218): tap()
#10 /var/www/html/armaster/vendor/laravel/framework/src/Illuminate/Database/Eloquent/Builder.php(725): Illuminate\\Database\\Eloquent\\Builder->create()
#11 /var/www/html/armaster/vendor/laravel/framework/src/Illuminate/Database/Concerns/ManagesTransactions.php(35): Illuminate\\Database\\Eloquent\\Builder->Illuminate\\Database\\Eloquent\\{closure}()
#12 /var/www/html/armaster/vendor/laravel/framework/src/Illuminate/Database/Eloquent/Builder.php(1958): Illuminate\\Database\\Connection->transaction()
#13 /var/www/html/armaster/vendor/laravel/framework/src/Illuminate/Database/Eloquent/Builder.php(725): Illuminate\\Database\\Eloquent\\Builder->withSavepointIfNeeded()
#14 /var/www/html/armaster/vendor/laravel/framework/src/Illuminate/Database/Eloquent/Builder.php(712): Illuminate\\Database\\Eloquent\\Builder->createOrFirst()
#15 /var/www/html/armaster/vendor/laravel/framework/src/Illuminate/Database/Eloquent/Builder.php(740): Illuminate\\Database\\Eloquent\\Builder->firstOrCreate()
#16 /var/www/html/armaster/vendor/laravel/framework/src/Illuminate/Support/Traits/ForwardsCalls.php(23): Illuminate\\Database\\Eloquent\\Builder->updateOrCreate()
#17 /var/www/html/armaster/vendor/laravel/framework/src/Illuminate/Database/Eloquent/Model.php(2540): Illuminate\\Database\\Eloquent\\Model->forwardCallTo()
#18 /var/www/html/armaster/vendor/laravel/framework/src/Illuminate/Database/Eloquent/Model.php(2556): Illuminate\\Database\\Eloquent\\Model->__call()
#19 /var/www/html/armaster/database/seeders/UjiCobaFullSeeder.php(847): Illuminate\\Database\\Eloquent\\Model::__callStatic()
#20 /var/www/html/armaster/database/seeders/UjiCobaFullSeeder.php(170): Database\\Seeders\\UjiCobaFullSeeder->seedUserAccounts()
#21 /var/www/html/armaster/vendor/laravel/framework/src/Illuminate/Container/BoundMethod.php(36): Database\\Seeders\\UjiCobaFullSeeder->run()
#22 /var/www/html/armaster/vendor/laravel/framework/src/Illuminate/Container/Util.php(43): Illuminate\\Container\\BoundMethod::Illuminate\\Container\\{closure}()
#23 /var/www/html/armaster/vendor/laravel/framework/src/Illuminate/Container/BoundMethod.php(96): Illuminate\\Container\\Util::unwrapIfClosure()
#24 /var/www/html/armaster/vendor/laravel/framework/src/Illuminate/Container/BoundMethod.php(35): Illuminate\\Container\\BoundMethod::callBoundMethod()
#25 /var/www/html/armaster/vendor/laravel/framework/src/Illuminate/Container/Container.php(799): Illuminate\\Container\\BoundMethod::call()
#26 /var/www/html/armaster/vendor/laravel/framework/src/Illuminate/Database/Seeder.php(184): Illuminate\\Container\\Container->call()
#27 /var/www/html/armaster/vendor/laravel/framework/src/Illuminate/Database/Seeder.php(193): Illuminate\\Database\\Seeder->Illuminate\\Database\\{closure}()
#28 /var/www/html/armaster/vendor/laravel/framework/src/Illuminate/Database/Console/Seeds/SeedCommand.php(71): Illuminate\\Database\\Seeder->__invoke()
#29 /var/www/html/armaster/vendor/laravel/framework/src/Illuminate/Database/Eloquent/Concerns/GuardsAttributes.php(157): Illuminate\\Database\\Console\\Seeds\\SeedCommand->Illuminate\\Database\\Console\\Seeds\\{closure}()
#30 /var/www/html/armaster/vendor/laravel/framework/src/Illuminate/Database/Console/Seeds/SeedCommand.php(70): Illuminate\\Database\\Eloquent\\Model::unguarded()
#31 /var/www/html/armaster/vendor/laravel/framework/src/Illuminate/Container/BoundMethod.php(36): Illuminate\\Database\\Console\\Seeds\\SeedCommand->handle()
#32 /var/www/html/armaster/vendor/laravel/framework/src/Illuminate/Container/Util.php(43): Illuminate\\Container\\BoundMethod::Illuminate\\Container\\{closure}()
#33 /var/www/html/armaster/vendor/laravel/framework/src/Illuminate/Container/BoundMethod.php(96): Illuminate\\Container\\Util::unwrapIfClosure()
#34 /var/www/html/armaster/vendor/laravel/framework/src/Illuminate/Container/BoundMethod.php(35): Illuminate\\Container\\BoundMethod::callBoundMethod()
#35 /var/www/html/armaster/vendor/laravel/framework/src/Illuminate/Container/Container.php(799): Illuminate\\Container\\BoundMethod::call()
#36 /var/www/html/armaster/vendor/laravel/framework/src/Illuminate/Console/Command.php(211): Illuminate\\Container\\Container->call()
#37 /var/www/html/armaster/vendor/symfony/console/Command/Command.php(341): Illuminate\\Console\\Command->execute()
#38 /var/www/html/armaster/vendor/laravel/framework/src/Illuminate/Console/Command.php(180): Symfony\\Component\\Console\\Command\\Command->run()
#39 /var/www/html/armaster/vendor/symfony/console/Application.php(1102): Illuminate\\Console\\Command->run()
#40 /var/www/html/armaster/vendor/symfony/console/Application.php(356): Symfony\\Component\\Console\\Application->doRunCommand()
#41 /var/www/html/armaster/vendor/symfony/console/Application.php(195): Symfony\\Component\\Console\\Application->doRun()
#42 /var/www/html/armaster/vendor/laravel/framework/src/Illuminate/Foundation/Console/Kernel.php(198): Symfony\\Component\\Console\\Application->run()
#43 /var/www/html/armaster/vendor/laravel/framework/src/Illuminate/Foundation/Application.php(1235): Illuminate\\Foundation\\Console\\Kernel->handle()
#44 /var/www/html/armaster/artisan(16): Illuminate\\Foundation\\Application->handleCommand()
#45 {main}

[previous exception] [object] (PDOException(code: 23505): SQLSTATE[23505]: Unique violation: 7 ERROR:  duplicate key value violates unique constraint \"users_email_unique\"
DETAIL:  Key (email)=(polda-jatim@sbst.test) already exists. at /var/www/html/armaster/vendor/laravel/framework/src/Illuminate/Database/Connection.php:584)
[stacktrace]
#0 /var/www/html/armaster/vendor/laravel/framework/src/Illuminate/Database/Connection.php(584): PDOStatement->execute()
#1 /var/www/html/armaster/vendor/laravel/framework/src/Illuminate/Database/Connection.php(827): Illuminate\\Database\\Connection->Illuminate\\Database\\{closure}()
#2 /var/www/html/armaster/vendor/laravel/framework/src/Illuminate/Database/Connection.php(794): Illuminate\\Database\\Connection->runQueryCallback()
#3 /var/www/html/armaster/vendor/laravel/framework/src/Illuminate/Database/Connection.php(573): Illuminate\\Database\\Connection->run()
#4 /var/www/html/armaster/vendor/laravel/framework/src/Illuminate/Database/Connection.php(537): Illuminate\\Database\\Connection->statement()
#5 /var/www/html/armaster/vendor/laravel/framework/src/Illuminate/Database/Query/Builder.php(4005): Illuminate\\Database\\Connection->insert()
#6 /var/www/html/armaster/vendor/laravel/framework/src/Illuminate/Database/Eloquent/Builder.php(2235): Illuminate\\Database\\Query\\Builder->insert()
#7 /var/www/html/armaster/vendor/laravel/framework/src/Illuminate/Database/Eloquent/Model.php(1412): Illuminate\\Database\\Eloquent\\Builder->__call()
#8 /var/www/html/armaster/vendor/laravel/framework/src/Illuminate/Database/Eloquent/Model.php(1240): Illuminate\\Database\\Eloquent\\Model->performInsert()
#9 /var/www/html/armaster/vendor/laravel/framework/src/Illuminate/Database/Eloquent/Builder.php(1219): Illuminate\\Database\\Eloquent\\Model->save()
#10 /var/www/html/armaster/vendor/laravel/framework/src/Illuminate/Support/helpers.php(388): Illuminate\\Database\\Eloquent\\Builder->Illuminate\\Database\\Eloquent\\{closure}()
#11 /var/www/html/armaster/vendor/laravel/framework/src/Illuminate/Database/Eloquent/Builder.php(1218): tap()
#12 /var/www/html/armaster/vendor/laravel/framework/src/Illuminate/Database/Eloquent/Builder.php(725): Illuminate\\Database\\Eloquent\\Builder->create()
#13 /var/www/html/armaster/vendor/laravel/framework/src/Illuminate/Database/Concerns/ManagesTransactions.php(35): Illuminate\\Database\\Eloquent\\Builder->Illuminate\\Database\\Eloquent\\{closure}()
#14 /var/www/html/armaster/vendor/laravel/framework/src/Illuminate/Database/Eloquent/Builder.php(1958): Illuminate\\Database\\Connection->transaction()
#15 /var/www/html/armaster/vendor/laravel/framework/src/Illuminate/Database/Eloquent/Builder.php(725): Illuminate\\Database\\Eloquent\\Builder->withSavepointIfNeeded()
#16 /var/www/html/armaster/vendor/laravel/framework/src/Illuminate/Database/Eloquent/Builder.php(712): Illuminate\\Database\\Eloquent\\Builder->createOrFirst()
#17 /var/www/html/armaster/vendor/laravel/framework/src/Illuminate/Database/Eloquent/Builder.php(740): Illuminate\\Database\\Eloquent\\Builder->firstOrCreate()
#18 /var/www/html/armaster/vendor/laravel/framework/src/Illuminate/Support/Traits/ForwardsCalls.php(23): Illuminate\\Database\\Eloquent\\Builder->updateOrCreate()
#19 /var/www/html/armaster/vendor/laravel/framework/src/Illuminate/Database/Eloquent/Model.php(2540): Illuminate\\Database\\Eloquent\\Model->forwardCallTo()
#20 /var/www/html/armaster/vendor/laravel/framework/src/Illuminate/Database/Eloquent/Model.php(2556): Illuminate\\Database\\Eloquent\\Model->__call()
#21 /var/www/html/armaster/database/seeders/UjiCobaFullSeeder.php(847): Illuminate\\Database\\Eloquent\\Model::__callStatic()
#22 /var/www/html/armaster/database/seeders/UjiCobaFullSeeder.php(170): Database\\Seeders\\UjiCobaFullSeeder->seedUserAccounts()
#23 /var/www/html/armaster/vendor/laravel/framework/src/Illuminate/Container/BoundMethod.php(36): Database\\Seeders\\UjiCobaFullSeeder->run()
#24 /var/www/html/armaster/vendor/laravel/framework/src/Illuminate/Container/Util.php(43): Illuminate\\Container\\BoundMethod::Illuminate\\Container\\{closure}()
#25 /var/www/html/armaster/vendor/laravel/framework/src/Illuminate/Container/BoundMethod.php(96): Illuminate\\Container\\Util::unwrapIfClosure()
#26 /var/www/html/armaster/vendor/laravel/framework/src/Illuminate/Container/BoundMethod.php(35): Illuminate\\Container\\BoundMethod::callBoundMethod()
#27 /var/www/html/armaster/vendor/laravel/framework/src/Illuminate/Container/Container.php(799): Illuminate\\Container\\BoundMethod::call()
#28 /var/www/html/armaster/vendor/laravel/framework/src/Illuminate/Database/Seeder.php(184): Illuminate\\Container\\Container->call()
#29 /var/www/html/armaster/vendor/laravel/framework/src/Illuminate/Database/Seeder.php(193): Illuminate\\Database\\Seeder->Illuminate\\Database\\{closure}()
#30 /var/www/html/armaster/vendor/laravel/framework/src/Illuminate/Database/Console/Seeds/SeedCommand.php(71): Illuminate\\Database\\Seeder->__invoke()
#31 /var/www/html/armaster/vendor/laravel/framework/src/Illuminate/Database/Eloquent/Concerns/GuardsAttributes.php(157): Illuminate\\Database\\Console\\Seeds\\SeedCommand->Illuminate\\Database\\Console\\Seeds\\{closure}()
#32 /var/www/html/armaster/vendor/laravel/framework/src/Illuminate/Database/Console/Seeds/SeedCommand.php(70): Illuminate\\Database\\Eloquent\\Model::unguarded()
#33 /var/www/html/armaster/vendor/laravel/framework/src/Illuminate/Container/BoundMethod.php(36): Illuminate\\Database\\Console\\Seeds\\SeedCommand->handle()
#34 /var/www/html/armaster/vendor/laravel/framework/src/Illuminate/Container/Util.php(43): Illuminate\\Container\\BoundMethod::Illuminate\\Container\\{closure}()
#35 /var/www/html/armaster/vendor/laravel/framework/src/Illuminate/Container/BoundMethod.php(96): Illuminate\\Container\\Util::unwrapIfClosure()
#36 /var/www/html/armaster/vendor/laravel/framework/src/Illuminate/Container/BoundMethod.php(35): Illuminate\\Container\\BoundMethod::callBoundMethod()
#37 /var/www/html/armaster/vendor/laravel/framework/src/Illuminate/Container/Container.php(799): Illuminate\\Container\\BoundMethod::call()
#38 /var/www/html/armaster/vendor/laravel/framework/src/Illuminate/Console/Command.php(211): Illuminate\\Container\\Container->call()
#39 /var/www/html/armaster/vendor/symfony/console/Command/Command.php(341): Illuminate\\Console\\Command->execute()
#40 /var/www/html/armaster/vendor/laravel/framework/src/Illuminate/Console/Command.php(180): Symfony\\Component\\Console\\Command\\Command->run()
#41 /var/www/html/armaster/vendor/symfony/console/Application.php(1102): Illuminate\\Console\\Command->run()
#42 /var/www/html/armaster/vendor/symfony/console/Application.php(356): Symfony\\Component\\Console\\Application->doRunCommand()
#43 /var/www/html/armaster/vendor/symfony/console/Application.php(195): Symfony\\Component\\Console\\Application->doRun()
#44 /var/www/html/armaster/vendor/laravel/framework/src/Illuminate/Foundation/Console/Kernel.php(198): Symfony\\Component\\Console\\Application->run()
#45 /var/www/html/armaster/vendor/laravel/framework/src/Illuminate/Foundation/Application.php(1235): Illuminate\\Foundation\\Console\\Kernel->handle()
#46 /var/www/html/armaster/artisan(16): Illuminate\\Foundation\\Application->handleCommand()
#47 {main}
"} 
[2026-09-07 08:57:19] production.ERROR: SQLSTATE[23505]: Unique violation: 7 ERROR:  duplicate key value violates unique constraint "users_email_unique"
DETAIL:  Key (email)=(polda-jatim@sbst.test) already exists. (Connection: pgsql, Host: 127.0.0.1, Port: 5432, Database: fazmat, SQL: insert into "users" ("email", "name", "password", "regional_police_id", "police_station_id", "user_type_id", "level_menu", "id", "updated_at", "created_at") values (polda-jatim@sbst.test, Polda Jatim, $2y$12$TjGOkl7FHNcnYCzu8G8BT.APF/QcVIWYK1HGm5VAKuljV4dGV0R8a, 019d2885-c3a1-72a4-abd9-61fd5bb5485a, ?, ?, 1, 01a07b16-1179-720e-9262-e015c1ba80a6, 2026-09-07 08:57:18, 2026-09-07 08:57:18)) {"exception":"[object] (Illuminate\\Database\\UniqueConstraintViolationException(code: 23505): SQLSTATE[23505]: Unique violation: 7 ERROR:  duplicate key value violates unique constraint \"users_email_unique\"
DETAIL:  Key (email)=(polda-jatim@sbst.test) already exists. (Connection: pgsql, Host: 127.0.0.1, Port: 5432, Database: fazmat, SQL: insert into \"users\" (\"email\", \"name\", \"password\", \"regional_police_id\", \"police_station_id\", \"user_type_id\", \"level_menu\", \"id\", \"updated_at\", \"created_at\") values (polda-jatim@sbst.test, Polda Jatim, $2y$12$TjGOkl7FHNcnYCzu8G8BT.APF/QcVIWYK1HGm5VAKuljV4dGV0R8a, 019d2885-c3a1-72a4-abd9-61fd5bb5485a, ?, ?, 1, 01a07b16-1179-720e-9262-e015c1ba80a6, 2026-09-07 08:57:18, 2026-09-07 08:57:18)) at /var/www/html/armaster/vendor/laravel/framework/src/Illuminate/Database/Connection.php:838)
[stacktrace]
#0 /var/www/html/armaster/vendor/laravel/framework/src/Illuminate/Database/Connection.php(794): Illuminate\\Database\\Connection->runQueryCallback()
#1 /var/www/html/armaster/vendor/laravel/framework/src/Illuminate/Database/Connection.php(573): Illuminate\\Database\\Connection->run()
#2 /var/www/html/armaster/vendor/laravel/framework/src/Illuminate/Database/Connection.php(537): Illuminate\\Database\\Connection->statement()
#3 /var/www/html/armaster/vendor/laravel/framework/src/Illuminate/Database/Query/Builder.php(4005): Illuminate\\Database\\Connection->insert()
#4 /var/www/html/armaster/vendor/laravel/framework/src/Illuminate/Database/Eloquent/Builder.php(2235): Illuminate\\Database\\Query\\Builder->insert()
#5 /var/www/html/armaster/vendor/laravel/framework/src/Illuminate/Database/Eloquent/Model.php(1412): Illuminate\\Database\\Eloquent\\Builder->__call()
#6 /var/www/html/armaster/vendor/laravel/framework/src/Illuminate/Database/Eloquent/Model.php(1240): Illuminate\\Database\\Eloquent\\Model->performInsert()
#7 /var/www/html/armaster/vendor/laravel/framework/src/Illuminate/Database/Eloquent/Builder.php(1219): Illuminate\\Database\\Eloquent\\Model->save()
#8 /var/www/html/armaster/vendor/laravel/framework/src/Illuminate/Support/helpers.php(388): Illuminate\\Database\\Eloquent\\Builder->Illuminate\\Database\\Eloquent\\{closure}()
#9 /var/www/html/armaster/vendor/laravel/framework/src/Illuminate/Database/Eloquent/Builder.php(1218): tap()
#10 /var/www/html/armaster/vendor/laravel/framework/src/Illuminate/Database/Eloquent/Builder.php(725): Illuminate\\Database\\Eloquent\\Builder->create()
#11 /var/www/html/armaster/vendor/laravel/framework/src/Illuminate/Database/Concerns/ManagesTransactions.php(35): Illuminate\\Database\\Eloquent\\Builder->Illuminate\\Database\\Eloquent\\{closure}()
#12 /var/www/html/armaster/vendor/laravel/framework/src/Illuminate/Database/Eloquent/Builder.php(1958): Illuminate\\Database\\Connection->transaction()
#13 /var/www/html/armaster/vendor/laravel/framework/src/Illuminate/Database/Eloquent/Builder.php(725): Illuminate\\Database\\Eloquent\\Builder->withSavepointIfNeeded()
#14 /var/www/html/armaster/vendor/laravel/framework/src/Illuminate/Database/Eloquent/Builder.php(712): Illuminate\\Database\\Eloquent\\Builder->createOrFirst()
#15 /var/www/html/armaster/vendor/laravel/framework/src/Illuminate/Database/Eloquent/Builder.php(740): Illuminate\\Database\\Eloquent\\Builder->firstOrCreate()
#16 /var/www/html/armaster/vendor/laravel/framework/src/Illuminate/Support/Traits/ForwardsCalls.php(23): Illuminate\\Database\\Eloquent\\Builder->updateOrCreate()
#17 /var/www/html/armaster/vendor/laravel/framework/src/Illuminate/Database/Eloquent/Model.php(2540): Illuminate\\Database\\Eloquent\\Model->forwardCallTo()
#18 /var/www/html/armaster/vendor/laravel/framework/src/Illuminate/Database/Eloquent/Model.php(2556): Illuminate\\Database\\Eloquent\\Model->__call()
#19 /var/www/html/armaster/database/seeders/UjiCobaFullSeeder.php(847): Illuminate\\Database\\Eloquent\\Model::__callStatic()
#20 /var/www/html/armaster/database/seeders/UjiCobaFullSeeder.php(170): Database\\Seeders\\UjiCobaFullSeeder->seedUserAccounts()
#21 /var/www/html/armaster/vendor/laravel/framework/src/Illuminate/Container/BoundMethod.php(36): Database\\Seeders\\UjiCobaFullSeeder->run()
#22 /var/www/html/armaster/vendor/laravel/framework/src/Illuminate/Container/Util.php(43): Illuminate\\Container\\BoundMethod::Illuminate\\Container\\{closure}()
#23 /var/www/html/armaster/vendor/laravel/framework/src/Illuminate/Container/BoundMethod.php(96): Illuminate\\Container\\Util::unwrapIfClosure()
#24 /var/www/html/armaster/vendor/laravel/framework/src/Illuminate/Container/BoundMethod.php(35): Illuminate\\Container\\BoundMethod::callBoundMethod()
#25 /var/www/html/armaster/vendor/laravel/framework/src/Illuminate/Container/Container.php(799): Illuminate\\Container\\BoundMethod::call()
#26 /var/www/html/armaster/vendor/laravel/framework/src/Illuminate/Database/Seeder.php(184): Illuminate\\Container\\Container->call()
#27 /var/www/html/armaster/vendor/laravel/framework/src/Illuminate/Database/Seeder.php(193): Illuminate\\Database\\Seeder->Illuminate\\Database\\{closure}()
#28 /var/www/html/armaster/vendor/laravel/framework/src/Illuminate/Database/Console/Seeds/SeedCommand.php(71): Illuminate\\Database\\Seeder->__invoke()
#29 /var/www/html/armaster/vendor/laravel/framework/src/Illuminate/Database/Eloquent/Concerns/GuardsAttributes.php(157): Illuminate\\Database\\Console\\Seeds\\SeedCommand->Illuminate\\Database\\Console\\Seeds\\{closure}()
#30 /var/www/html/armaster/vendor/laravel/framework/src/Illuminate/Database/Console/Seeds/SeedCommand.php(70): Illuminate\\Database\\Eloquent\\Model::unguarded()
#31 /var/www/html/armaster/vendor/laravel/framework/src/Illuminate/Container/BoundMethod.php(36): Illuminate\\Database\\Console\\Seeds\\SeedCommand->handle()
#32 /var/www/html/armaster/vendor/laravel/framework/src/Illuminate/Container/Util.php(43): Illuminate\\Container\\BoundMethod::Illuminate\\Container\\{closure}()
#33 /var/www/html/armaster/vendor/laravel/framework/src/Illuminate/Container/BoundMethod.php(96): Illuminate\\Container\\Util::unwrapIfClosure()
#34 /var/www/html/armaster/vendor/laravel/framework/src/Illuminate/Container/BoundMethod.php(35): Illuminate\\Container\\BoundMethod::callBoundMethod()
#35 /var/www/html/armaster/vendor/laravel/framework/src/Illuminate/Container/Container.php(799): Illuminate\\Container\\BoundMethod::call()
#36 /var/www/html/armaster/vendor/laravel/framework/src/Illuminate/Console/Command.php(211): Illuminate\\Container\\Container->call()
#37 /var/www/html/armaster/vendor/symfony/console/Command/Command.php(341): Illuminate\\Console\\Command->execute()
#38 /var/www/html/armaster/vendor/laravel/framework/src/Illuminate/Console/Command.php(180): Symfony\\Component\\Console\\Command\\Command->run()
#39 /var/www/html/armaster/vendor/symfony/console/Application.php(1102): Illuminate\\Console\\Command->run()
#40 /var/www/html/armaster/vendor/symfony/console/Application.php(356): Symfony\\Component\\Console\\Application->doRunCommand()
#41 /var/www/html/armaster/vendor/symfony/console/Application.php(195): Symfony\\Component\\Console\\Application->doRun()
#42 /var/www/html/armaster/vendor/laravel/framework/src/Illuminate/Foundation/Console/Kernel.php(198): Symfony\\Component\\Console\\Application->run()
#43 /var/www/html/armaster/vendor/laravel/framework/src/Illuminate/Foundation/Application.php(1235): Illuminate\\Foundation\\Console\\Kernel->handle()
#44 /var/www/html/armaster/artisan(16): Illuminate\\Foundation\\Application->handleCommand()
#45 {main}

[previous exception] [object] (PDOException(code: 23505): SQLSTATE[23505]: Unique violation: 7 ERROR:  duplicate key value violates unique constraint \"users_email_unique\"
DETAIL:  Key (email)=(polda-jatim@sbst.test) already exists. at /var/www/html/armaster/vendor/laravel/framework/src/Illuminate/Database/Connection.php:584)
[stacktrace]
#0 /var/www/html/armaster/vendor/laravel/framework/src/Illuminate/Database/Connection.php(584): PDOStatement->execute()
#1 /var/www/html/armaster/vendor/laravel/framework/src/Illuminate/Database/Connection.php(827): Illuminate\\Database\\Connection->Illuminate\\Database\\{closure}()
#2 /var/www/html/armaster/vendor/laravel/framework/src/Illuminate/Database/Connection.php(794): Illuminate\\Database\\Connection->runQueryCallback()
#3 /var/www/html/armaster/vendor/laravel/framework/src/Illuminate/Database/Connection.php(573): Illuminate\\Database\\Connection->run()
#4 /var/www/html/armaster/vendor/laravel/framework/src/Illuminate/Database/Connection.php(537): Illuminate\\Database\\Connection->statement()
#5 /var/www/html/armaster/vendor/laravel/framework/src/Illuminate/Database/Query/Builder.php(4005): Illuminate\\Database\\Connection->insert()
#6 /var/www/html/armaster/vendor/laravel/framework/src/Illuminate/Database/Eloquent/Builder.php(2235): Illuminate\\Database\\Query\\Builder->insert()
#7 /var/www/html/armaster/vendor/laravel/framework/src/Illuminate/Database/Eloquent/Model.php(1412): Illuminate\\Database\\Eloquent\\Builder->__call()
#8 /var/www/html/armaster/vendor/laravel/framework/src/Illuminate/Database/Eloquent/Model.php(1240): Illuminate\\Database\\Eloquent\\Model->performInsert()
#9 /var/www/html/armaster/vendor/laravel/framework/src/Illuminate/Database/Eloquent/Builder.php(1219): Illuminate\\Database\\Eloquent\\Model->save()
#10 /var/www/html/armaster/vendor/laravel/framework/src/Illuminate/Support/helpers.php(388): Illuminate\\Database\\Eloquent\\Builder->Illuminate\\Database\\Eloquent\\{closure}()
#11 /var/www/html/armaster/vendor/laravel/framework/src/Illuminate/Database/Eloquent/Builder.php(1218): tap()
#12 /var/www/html/armaster/vendor/laravel/framework/src/Illuminate/Database/Eloquent/Builder.php(725): Illuminate\\Database\\Eloquent\\Builder->create()
#13 /var/www/html/armaster/vendor/laravel/framework/src/Illuminate/Database/Concerns/ManagesTransactions.php(35): Illuminate\\Database\\Eloquent\\Builder->Illuminate\\Database\\Eloquent\\{closure}()
#14 /var/www/html/armaster/vendor/laravel/framework/src/Illuminate/Database/Eloquent/Builder.php(1958): Illuminate\\Database\\Connection->transaction()
#15 /var/www/html/armaster/vendor/laravel/framework/src/Illuminate/Database/Eloquent/Builder.php(725): Illuminate\\Database\\Eloquent\\Builder->withSavepointIfNeeded()
#16 /var/www/html/armaster/vendor/laravel/framework/src/Illuminate/Database/Eloquent/Builder.php(712): Illuminate\\Database\\Eloquent\\Builder->createOrFirst()
#17 /var/www/html/armaster/vendor/laravel/framework/src/Illuminate/Database/Eloquent/Builder.php(740): Illuminate\\Database\\Eloquent\\Builder->firstOrCreate()
#18 /var/www/html/armaster/vendor/laravel/framework/src/Illuminate/Support/Traits/ForwardsCalls.php(23): Illuminate\\Database\\Eloquent\\Builder->updateOrCreate()
#19 /var/www/html/armaster/vendor/laravel/framework/src/Illuminate/Database/Eloquent/Model.php(2540): Illuminate\\Database\\Eloquent\\Model->forwardCallTo()
#20 /var/www/html/armaster/vendor/laravel/framework/src/Illuminate/Database/Eloquent/Model.php(2556): Illuminate\\Database\\Eloquent\\Model->__call()
#21 /var/www/html/armaster/database/seeders/UjiCobaFullSeeder.php(847): Illuminate\\Database\\Eloquent\\Model::__callStatic()
#22 /var/www/html/armaster/database/seeders/UjiCobaFullSeeder.php(170): Database\\Seeders\\UjiCobaFullSeeder->seedUserAccounts()
#23 /var/www/html/armaster/vendor/laravel/framework/src/Illuminate/Container/BoundMethod.php(36): Database\\Seeders\\UjiCobaFullSeeder->run()
#24 /var/www/html/armaster/vendor/laravel/framework/src/Illuminate/Container/Util.php(43): Illuminate\\Container\\BoundMethod::Illuminate\\Container\\{closure}()
#25 /var/www/html/armaster/vendor/laravel/framework/src/Illuminate/Container/BoundMethod.php(96): Illuminate\\Container\\Util::unwrapIfClosure()
#26 /var/www/html/armaster/vendor/laravel/framework/src/Illuminate/Container/BoundMethod.php(35): Illuminate\\Container\\BoundMethod::callBoundMethod()
#27 /var/www/html/armaster/vendor/laravel/framework/src/Illuminate/Container/Container.php(799): Illuminate\\Container\\BoundMethod::call()
#28 /var/www/html/armaster/vendor/laravel/framework/src/Illuminate/Database/Seeder.php(184): Illuminate\\Container\\Container->call()
#29 /var/www/html/armaster/vendor/laravel/framework/src/Illuminate/Database/Seeder.php(193): Illuminate\\Database\\Seeder->Illuminate\\Database\\{closure}()
#30 /var/www/html/armaster/vendor/laravel/framework/src/Illuminate/Database/Console/Seeds/SeedCommand.php(71): Illuminate\\Database\\Seeder->__invoke()
#31 /var/www/html/armaster/vendor/laravel/framework/src/Illuminate/Database/Eloquent/Concerns/GuardsAttributes.php(157): Illuminate\\Database\\Console\\Seeds\\SeedCommand->Illuminate\\Database\\Console\\Seeds\\{closure}()
#32 /var/www/html/armaster/vendor/laravel/framework/src/Illuminate/Database/Console/Seeds/SeedCommand.php(70): Illuminate\\Database\\Eloquent\\Model::unguarded()
#33 /var/www/html/armaster/vendor/laravel/framework/src/Illuminate/Container/BoundMethod.php(36): Illuminate\\Database\\Console\\Seeds\\SeedCommand->handle()
#34 /var/www/html/armaster/vendor/laravel/framework/src/Illuminate/Container/Util.php(43): Illuminate\\Container\\BoundMethod::Illuminate\\Container\\{closure}()
#35 /var/www/html/armaster/vendor/laravel/framework/src/Illuminate/Container/BoundMethod.php(96): Illuminate\\Container\\Util::unwrapIfClosure()
#36 /var/www/html/armaster/vendor/laravel/framework/src/Illuminate/Container/BoundMethod.php(35): Illuminate\\Container\\BoundMethod::callBoundMethod()
#37 /var/www/html/armaster/vendor/laravel/framework/src/Illuminate/Container/Container.php(799): Illuminate\\Container\\BoundMethod::call()
#38 /var/www/html/armaster/vendor/laravel/framework/src/Illuminate/Console/Command.php(211): Illuminate\\Container\\Container->call()
#39 /var/www/html/armaster/vendor/symfony/console/Command/Command.php(341): Illuminate\\Console\\Command->execute()
#40 /var/www/html/armaster/vendor/laravel/framework/src/Illuminate/Console/Command.php(180): Symfony\\Component\\Console\\Command\\Command->run()
#41 /var/www/html/armaster/vendor/symfony/console/Application.php(1102): Illuminate\\Console\\Command->run()
#42 /var/www/html/armaster/vendor/symfony/console/Application.php(356): Symfony\\Component\\Console\\Application->doRunCommand()
#43 /var/www/html/armaster/vendor/symfony/console/Application.php(195): Symfony\\Component\\Console\\Application->doRun()
#44 /var/www/html/armaster/vendor/laravel/framework/src/Illuminate/Foundation/Console/Kernel.php(198): Symfony\\Component\\Console\\Application->run()
#45 /var/www/html/armaster/vendor/laravel/framework/src/Illuminate/Foundation/Application.php(1235): Illuminate\\Foundation\\Console\\Kernel->handle()
#46 /var/www/html/armaster/artisan(16): Illuminate\\Foundation\\Application->handleCommand()
#47 {main}
"} 
[2026-09-07 12:35:33] production.ERROR: SQLSTATE[23502]: Not null violation: 7 ERROR:  null value in column "reason" of relation "material_damage_details" violates not-null constraint
DETAIL:  Failing row contains (01a07bdd-e09b-7238-88ed-41f9aee98367, 01a07bdd-e08c-73d9-8910-73149fcb418c, 01a07bdd-dfd7-70d5-87b7-b64e09ce3ba4, 019d2885-c386-7307-8f75-4c2820133e2b, null, 01a07bdd-dfbe-7187-88ca-65c2bb55432f, TEST, 001, 015, 15.00, damaged, null, null, t, 2026-09-07 12:35:33, 2026-09-07 12:35:33, null). (Connection: pgsql, Host: 127.0.0.1, Port: 5432, Database: fazmat, SQL: insert into "material_damage_details" ("stock_detail_id", "type_id", "rack_id", "item_code", "number_serial_first", "number_serial_second", "quantity", "damage_type", "is_active", "material_damage_id", "id", "updated_at", "created_at") values (01a07bdd-dfd7-70d5-87b7-b64e09ce3ba4, 019d2885-c386-7307-8f75-4c2820133e2b, 01a07bdd-dfbe-7187-88ca-65c2bb55432f, TEST, 001, 015, 15, damaged, 1, 01a07bdd-e08c-73d9-8910-73149fcb418c, 01a07bdd-e09b-7238-88ed-41f9aee98367, 2026-09-07 12:35:33, 2026-09-07 12:35:33)) {"exception":"[object] (Illuminate\\Database\\QueryException(code: 23502): SQLSTATE[23502]: Not null violation: 7 ERROR:  null value in column \"reason\" of relation \"material_damage_details\" violates not-null constraint
DETAIL:  Failing row contains (01a07bdd-e09b-7238-88ed-41f9aee98367, 01a07bdd-e08c-73d9-8910-73149fcb418c, 01a07bdd-dfd7-70d5-87b7-b64e09ce3ba4, 019d2885-c386-7307-8f75-4c2820133e2b, null, 01a07bdd-dfbe-7187-88ca-65c2bb55432f, TEST, 001, 015, 15.00, damaged, null, null, t, 2026-09-07 12:35:33, 2026-09-07 12:35:33, null). (Connection: pgsql, Host: 127.0.0.1, Port: 5432, Database: fazmat, SQL: insert into \"material_damage_details\" (\"stock_detail_id\", \"type_id\", \"rack_id\", \"item_code\", \"number_serial_first\", \"number_serial_second\", \"quantity\", \"damage_type\", \"is_active\", \"material_damage_id\", \"id\", \"updated_at\", \"created_at\") values (01a07bdd-dfd7-70d5-87b7-b64e09ce3ba4, 019d2885-c386-7307-8f75-4c2820133e2b, 01a07bdd-dfbe-7187-88ca-65c2bb55432f, TEST, 001, 015, 15, damaged, 1, 01a07bdd-e08c-73d9-8910-73149fcb418c, 01a07bdd-e09b-7238-88ed-41f9aee98367, 2026-09-07 12:35:33, 2026-09-07 12:35:33)) at /var/www/html/armaster/vendor/laravel/framework/src/Illuminate/Database/Connection.php:838)
[stacktrace]
#0 /var/www/html/armaster/vendor/laravel/framework/src/Illuminate/Database/Connection.php(794): Illuminate\\Database\\Connection->runQueryCallback()
#1 /var/www/html/armaster/vendor/laravel/framework/src/Illuminate/Database/Connection.php(573): Illuminate\\Database\\Connection->run()
#2 /var/www/html/armaster/vendor/laravel/framework/src/Illuminate/Database/Connection.php(537): Illuminate\\Database\\Connection->statement()
#3 /var/www/html/armaster/vendor/laravel/framework/src/Illuminate/Database/Query/Builder.php(4005): Illuminate\\Database\\Connection->insert()
#4 /var/www/html/armaster/vendor/laravel/framework/src/Illuminate/Database/Eloquent/Builder.php(2235): Illuminate\\Database\\Query\\Builder->insert()
#5 /var/www/html/armaster/vendor/laravel/framework/src/Illuminate/Database/Eloquent/Model.php(1412): Illuminate\\Database\\Eloquent\\Builder->__call()
#6 /var/www/html/armaster/vendor/laravel/framework/src/Illuminate/Database/Eloquent/Model.php(1240): Illuminate\\Database\\Eloquent\\Model->performInsert()
#7 /var/www/html/armaster/vendor/laravel/framework/src/Illuminate/Database/Eloquent/Relations/HasOneOrMany.php(386): Illuminate\\Database\\Eloquent\\Model->save()
#8 /var/www/html/armaster/vendor/laravel/framework/src/Illuminate/Support/helpers.php(388): Illuminate\\Database\\Eloquent\\Relations\\HasOneOrMany->Illuminate\\Database\\Eloquent\\Relations\\{closure}()
#9 /var/www/html/armaster/vendor/laravel/framework/src/Illuminate/Database/Eloquent/Relations/HasOneOrMany.php(383): tap()
#10 /home/fasmat/.gemini/antigravity-ide/brain/f2c7a7dd-31b0-4b08-a0a6-bfed54c7fe8c/scratch/test_all_modules.php(123): Illuminate\\Database\\Eloquent\\Relations\\HasOneOrMany->create()
#11 {main}

[previous exception] [object] (PDOException(code: 23502): SQLSTATE[23502]: Not null violation: 7 ERROR:  null value in column \"reason\" of relation \"material_damage_details\" violates not-null constraint
DETAIL:  Failing row contains (01a07bdd-e09b-7238-88ed-41f9aee98367, 01a07bdd-e08c-73d9-8910-73149fcb418c, 01a07bdd-dfd7-70d5-87b7-b64e09ce3ba4, 019d2885-c386-7307-8f75-4c2820133e2b, null, 01a07bdd-dfbe-7187-88ca-65c2bb55432f, TEST, 001, 015, 15.00, damaged, null, null, t, 2026-09-07 12:35:33, 2026-09-07 12:35:33, null). at /var/www/html/armaster/vendor/laravel/framework/src/Illuminate/Database/Connection.php:584)
[stacktrace]
#0 /var/www/html/armaster/vendor/laravel/framework/src/Illuminate/Database/Connection.php(584): PDOStatement->execute()
#1 /var/www/html/armaster/vendor/laravel/framework/src/Illuminate/Database/Connection.php(827): Illuminate\\Database\\Connection->Illuminate\\Database\\{closure}()
#2 /var/www/html/armaster/vendor/laravel/framework/src/Illuminate/Database/Connection.php(794): Illuminate\\Database\\Connection->runQueryCallback()
#3 /var/www/html/armaster/vendor/laravel/framework/src/Illuminate/Database/Connection.php(573): Illuminate\\Database\\Connection->run()
#4 /var/www/html/armaster/vendor/laravel/framework/src/Illuminate/Database/Connection.php(537): Illuminate\\Database\\Connection->statement()
#5 /var/www/html/armaster/vendor/laravel/framework/src/Illuminate/Database/Query/Builder.php(4005): Illuminate\\Database\\Connection->insert()
#6 /var/www/html/armaster/vendor/laravel/framework/src/Illuminate/Database/Eloquent/Builder.php(2235): Illuminate\\Database\\Query\\Builder->insert()
#7 /var/www/html/armaster/vendor/laravel/framework/src/Illuminate/Database/Eloquent/Model.php(1412): Illuminate\\Database\\Eloquent\\Builder->__call()
#8 /var/www/html/armaster/vendor/laravel/framework/src/Illuminate/Database/Eloquent/Model.php(1240): Illuminate\\Database\\Eloquent\\Model->performInsert()
#9 /var/www/html/armaster/vendor/laravel/framework/src/Illuminate/Database/Eloquent/Relations/HasOneOrMany.php(386): Illuminate\\Database\\Eloquent\\Model->save()
#10 /var/www/html/armaster/vendor/laravel/framework/src/Illuminate/Support/helpers.php(388): Illuminate\\Database\\Eloquent\\Relations\\HasOneOrMany->Illuminate\\Database\\Eloquent\\Relations\\{closure}()
#11 /var/www/html/armaster/vendor/laravel/framework/src/Illuminate/Database/Eloquent/Relations/HasOneOrMany.php(383): tap()
#12 /home/fasmat/.gemini/antigravity-ide/brain/f2c7a7dd-31b0-4b08-a0a6-bfed54c7fe8c/scratch/test_all_modules.php(123): Illuminate\\Database\\Eloquent\\Relations\\HasOneOrMany->create()
#13 {main}
"} 
